ms,speed,rpm,gear,throttle,mult
9,0.00,0.2000,1,0.000,1.00
17,0.05,0.2000,1,1.000,1.00
27,0.11,0.2000,1,1.000,1.00
36,0.15,0.2000,1,1.000,1.00
45,0.19,0.2000,1,1.000,1.00
54,0.23,0.2000,1,1.000,1.00
63,0.26,0.2000,1,1.000,1.00
72,0.29,0.2000,1,1.000,1.00
81,0.32,0.2000,1,1.000,1.00
89,0.34,0.2000,1,1.000,1.00
98,0.37,0.2000,1,1.000,1.00
108,0.40,0.2000,1,1.000,1.00
116,0.41,0.2000,1,1.000,1.00
125,0.43,0.2000,1,1.000,1.00
133,0.45,0.2000,1,1.000,1.00
144,0.47,0.2000,1,1.000,1.00
153,0.48,0.2000,1,1.000,1.00
161,0.50,0.2000,1,1.000,1.00
170,0.51,0.2000,1,1.000,1.00
178,0.53,0.2000,1,1.000,1.00
188,0.54,0.2000,1,1.000,1.00
196,0.56,0.2000,1,1.000,1.00
204,0.57,0.2000,1,1.000,1.00
213,0.59,0.2000,1,1.000,1.00
221,0.60,0.2000,1,1.000,1.00
229,0.62,0.2000,1,1.000,1.00
238,0.64,0.2000,1,1.000,1.00
247,0.65,0.2000,1,1.000,1.00
256,0.67,0.2000,1,1.000,1.00
265,0.69,0.2000,1,1.000,1.00
273,0.71,0.2000,1,1.000,1.00
281,0.73,0.2000,1,1.000,1.00
289,0.75,0.2000,1,1.000,1.00
297,0.76,0.2000,1,1.000,1.00
306,0.79,0.2000,1,1.000,1.00
315,0.81,0.2000,1,1.000,1.00
324,0.83,0.2000,1,1.000,1.00
333,0.85,0.2051,1,1.000,1.00
342,0.88,0.2134,1,1.000,1.00
351,0.90,0.2215,1,1.000,1.00
359,0.92,0.2297,1,1.000,1.00
367,0.94,0.2376,1,1.000,1.00
376,0.97,0.2452,1,1.000,1.00
384,0.99,0.2531,1,1.000,1.00
393,1.02,0.2607,1,1.000,1.00
401,1.04,0.2687,1,1.000,1.00
411,1.07,0.2766,1,1.000,1.00
419,1.10,0.2850,1,1.000,1.00
428,1.12,0.2931,1,1.000,1.00
439,1.15,0.3013,1,1.000,1.00
449,1.19,0.3108,1,1.000,1.00
459,1.22,0.3202,1,1.000,1.00
471,1.26,0.3298,1,1.000,1.00
483,1.30,0.3404,1,1.000,1.00
495,1.34,0.3518,1,1.000,1.00
506,1.37,0.3624,1,1.000,1.00
516,1.41,0.3727,1,1.000,1.00
525,1.44,0.3819,1,1.000,1.00
534,1.47,0.3903,1,1.000,1.00
544,1.51,0.3987,1,1.000,1.00
552,1.53,0.4069,1,1.000,1.00
561,1.57,0.4156,1,1.000,1.00
570,1.60,0.4237,1,1.000,1.00
579,1.63,0.4320,1,1.000,1.00
586,1.66,0.4395,1,1.000,1.00
594,1.69,0.4472,1,1.000,1.00
603,1.72,0.4543,1,1.000,1.00
611,1.75,0.4625,1,1.000,1.00
620,1.78,0.4701,1,1.000,1.00
628,1.81,0.4778,1,1.000,1.00
636,1.85,0.4851,1,1.000,1.00
644,1.88,0.4929,1,1.000,1.00
654,1.92,0.5006,1,1.000,1.00
663,1.95,0.5094,1,1.000,1.00
672,1.99,0.5177,1,1.000,1.00
681,2.02,0.5261,1,1.000,1.00
688,2.05,0.5339,1,1.000,1.00
697,2.09,0.5413,1,1.000,1.00
705,2.12,0.5489,1,1.000,1.00
713,2.16,0.5565,1,1.000,1.00
722,2.19,0.5639,1,1.000,1.00
731,2.23,0.5724,1,1.000,1.00
740,2.27,0.5804,1,1.000,1.00
749,2.31,0.5886,1,1.000,1.00
757,2.34,0.5969,1,1.000,1.00
766,2.38,0.6048,1,1.000,1.00
775,2.42,0.6128,1,1.000,1.00
784,2.46,0.6208,1,1.000,1.00
792,2.50,0.6291,1,1.000,1.00
801,2.54,0.6371,1,1.000,1.00
809,2.58,0.6447,1,1.000,1.00
818,2.62,0.6524,1,1.000,1.00
826,2.66,0.6605,1,1.000,1.00
834,2.69,0.6683,1,1.000,1.00
843,2.73,0.6757,1,1.000,1.00
852,2.78,0.6835,1,1.000,1.00
862,2.83,0.6925,1,1.000,1.00
870,2.87,0.7007,1,1.000,1.00
878,2.91,0.7088,1,1.000,1.00
887,2.95,0.7165,1,1.000,1.00
896,3.00,0.7247,1,1.000,1.00
905,3.04,0.7329,1,1.000,1.00
914,3.09,0.7412,1,1.000,1.00
923,3.13,0.7496,1,1.000,1.00
931,3.18,0.7575,1,1.000,1.00
941,3.23,0.7651,1,1.000,1.00
951,3.28,0.7743,1,1.000,1.00
961,3.33,0.7832,1,1.000,1.00
970,3.38,0.7922,1,1.000,1.00
979,3.43,0.8005,1,1.000,1.00
987,3.47,0.8088,1,1.000,1.00
996,3.52,0.8165,1,1.000,1.00
1005,3.57,0.8248,1,1.000,1.00
1013,3.62,0.8331,1,1.000,1.00
1023,3.67,0.8407,1,1.000,1.00
1034,3.74,0.8498,1,1.000,1.00
1045,3.80,0.8599,1,1.000,1.00
1058,3.88,0.8702,1,1.000,1.00
1068,3.94,0.8800,1,1.000,1.00
1079,4.00,0.8904,1,1.000,1.00
1087,4.05,0.8991,1,1.000,1.00
1096,4.10,0.9075,1,1.000,1.00
1106,4.16,0.9169,1,1.000,1.00
1116,4.22,0.9262,1,1.000,1.00
1126,4.28,0.9353,1,1.000,1.00
1137,4.34,0.9447,1,1.000,1.00
1148,4.41,0.9545,1,1.000,1.00
1157,4.47,0.9640,1,1.000,1.00
1166,4.52,0.9727,1,1.000,1.00
1175,4.58,0.9817,1,1.000,1.00
1185,4.64,0.9902,1,1.000,1.00
1193,4.70,0.9982,1,1.000,1.00
1202,4.75,1.0000,1,1.000,1.00
1211,4.81,1.0000,1,1.000,1.00
1219,4.87,1.0000,1,1.000,1.00
1228,4.93,1.0000,1,1.000,1.00
1237,4.99,1.0000,1,1.000,1.00
1245,5.05,1.0000,1,1.000,1.00
1253,5.10,1.0000,1,1.000,1.00
1262,5.17,1.0000,1,1.000,1.00
1273,5.24,1.0000,1,1.000,1.00
1282,5.31,1.0000,1,1.000,1.00
1290,5.37,1.0000,1,1.000,1.00
1299,5.43,1.0000,1,1.000,1.00
1307,5.50,1.0000,1,1.000,1.00
1315,5.56,1.0000,1,1.000,1.00
1324,5.62,1.0000,1,1.000,1.00
1333,5.69,1.0000,1,1.000,1.00
1342,5.76,1.0000,1,1.000,1.00
1350,5.82,1.0000,1,1.000,1.00
1359,5.89,1.0000,1,1.000,1.00
1368,5.96,1.0000,1,1.000,1.00
1379,6.04,1.0000,1,1.000,1.00
1388,6.11,1.0000,1,1.000,1.00
1397,6.18,1.0000,1,1.000,1.00
1406,6.25,1.0000,1,1.000,1.00
1417,6.33,1.0000,1,1.000,1.00
1426,6.40,1.0000,1,1.000,1.00
1435,6.47,1.0000,1,1.000,1.00
1444,6.55,1.0000,1,1.000,1.00
1453,6.61,1.0000,1,1.000,1.00
1462,6.69,1.0000,1,1.000,1.00
1471,6.76,1.0000,1,1.000,1.00
1480,6.83,1.0000,1,1.000,1.00
1489,6.89,1.0000,1,1.000,1.00
1497,6.96,1.0000,1,1.000,1.00
1505,7.02,1.0000,2,1.000,1.00
1517,7.11,0.9885,2,1.000,1.00
1528,7.20,0.9777,2,1.000,1.00
1538,7.28,0.9678,2,1.000,1.00
1548,7.36,0.9577,2,1.000,1.00
1557,7.43,0.9482,2,1.000,1.00
1567,7.51,0.9382,2,1.000,1.00
1578,7.61,0.9271,2,1.000,1.00
1591,7.72,0.9142,2,1.000,1.00
1605,7.84,0.9005,2,1.000,1.00
1619,7.96,0.8865,2,1.000,1.00
1631,8.06,0.8740,2,1.000,1.00
1645,8.18,0.8605,2,1.000,1.00
1658,8.29,0.8471,2,1.000,1.00
1669,8.38,0.8367,2,1.000,1.00
1678,8.47,0.8270,2,1.000,1.00
1691,8.57,0.8143,2,1.000,1.00
1701,8.66,0.8039,2,1.000,1.00
1711,8.74,0.7941,2,1.000,1.00
1720,8.81,0.7857,2,1.000,1.00
1729,8.89,0.7762,2,1.000,1.00
1738,8.97,0.7673,2,1.000,1.00
1747,9.04,0.7587,2,1.000,1.00
1755,9.11,0.7502,2,1.000,1.00
1765,9.18,0.7408,2,1.000,1.00
1773,9.25,0.7329,2,1.000,1.00
1781,9.31,0.7249,2,1.000,1.00
1788,9.38,0.7170,2,1.000,1.00
1797,9.45,0.7084,2,1.000,1.00
1806,9.52,0.6994,2,1.000,1.00
1815,9.60,0.6902,2,1.000,1.00
1825,9.68,0.6807,2,1.000,1.00
1834,9.76,0.6713,2,1.000,1.00
1844,9.84,0.6613,2,1.000,1.00
1853,9.91,0.6527,2,1.000,1.00
1862,9.99,0.6434,2,1.000,1.00
1872,10.07,0.6338,2,1.000,1.00
1880,10.14,0.6256,2,1.000,1.00
1888,10.21,0.6171,2,1.000,1.00
1896,10.28,0.6091,2,1.000,1.00
1905,10.35,0.6008,2,1.000,1.00
1913,10.42,0.5926,2,1.000,1.00
1921,10.48,0.5849,2,1.000,1.00
1928,10.55,0.5770,2,1.000,1.00
1937,10.62,0.5687,2,1.000,1.00
1945,10.69,0.5603,2,1.000,1.00
1954,10.76,0.5518,2,1.000,1.00
1962,10.83,0.5436,2,1.000,1.00
1970,10.90,0.5350,2,1.000,1.00
1979,10.98,0.5264,2,1.000,1.00
1988,11.05,0.5179,2,1.000,1.00
1997,11.13,0.5087,2,1.000,1.00
2005,11.20,0.5006,2,1.000,1.00
2013,11.27,0.4987,2,1.000,1.00
2023,11.36,0.5013,2,1.000,1.00
2034,11.45,0.5040,2,1.000,1.00
2043,11.53,0.5071,2,1.000,1.00
2051,11.60,0.5109,2,1.000,1.00
2059,11.68,0.5139,2,1.000,1.00
2068,11.75,0.5166,2,1.000,1.00
2077,11.82,0.5195,2,1.000,1.00
2085,11.89,0.5223,2,1.000,1.00
2093,11.95,0.5251,2,1.000,1.00
2100,12.01,0.5277,2,1.000,1.00
2111,12.09,0.5302,2,1.000,1.00
2120,12.16,0.5324,2,1.000,1.00
2128,12.22,0.5356,2,1.000,1.00
2137,12.29,0.5383,2,1.000,1.00
2145,12.35,0.5405,2,1.000,1.00
2154,12.41,0.5431,2,1.000,1.00
2162,12.46,0.5455,2,1.000,1.00
2172,12.53,0.5478,2,1.000,1.00
2181,12.59,0.5501,2,1.000,1.00
2190,12.65,0.5525,2,1.000,1.00
2198,12.70,0.5547,2,1.000,1.00
2207,12.76,0.5570,2,1.000,1.00
2215,12.81,0.5591,2,1.000,1.00
2223,12.86,0.5613,2,1.000,1.00
2231,12.91,0.5633,2,1.000,1.00
2240,12.96,0.5653,2,1.000,1.00
2248,13.01,0.5672,2,1.000,1.00
2256,13.06,0.5694,2,1.000,1.00
2264,13.10,0.5713,2,1.000,1.00
2272,13.15,0.5732,2,1.000,1.00
2280,13.20,0.5750,2,1.000,1.00
2288,13.24,0.5768,2,1.000,1.00
2297,13.29,0.5788,2,1.000,1.00
2306,13.34,0.5806,2,1.000,1.00
2314,13.39,0.5827,2,1.000,1.00
2323,13.43,0.5846,2,1.000,1.00
2331,13.48,0.5864,2,1.000,1.00
2339,13.52,0.5884,2,1.000,1.00
2347,13.56,0.5902,2,1.000,1.00
2355,13.61,0.5920,2,1.000,1.00
2364,13.66,0.5937,2,1.000,1.00
2372,13.70,0.5955,2,1.000,1.00
2381,13.74,0.5974,2,1.000,1.00
2389,13.78,0.5992,2,1.000,1.00
2397,13.82,0.6010,2,1.000,1.00
2407,13.87,0.6028,2,1.000,1.00
2415,13.91,0.6044,2,1.000,1.00
2423,13.95,0.6064,2,1.000,1.00
2432,14.00,0.6082,2,1.000,1.00
2440,14.04,0.6099,2,1.000,1.00
2448,14.08,0.6117,2,1.000,1.00
2457,14.12,0.6134,2,1.000,1.00
2465,14.16,0.6150,2,1.000,1.00
2473,14.20,0.6167,2,1.000,1.00
2482,14.24,0.6183,2,1.000,1.00
2491,14.28,0.6201,2,1.000,1.00
2499,14.32,0.6219,2,1.000,1.00
2507,14.36,0.6236,2,1.000,1.00
2515,14.40,0.6252,2,1.000,1.00
2524,14.44,0.6269,2,1.000,1.00
2532,14.48,0.6285,2,1.000,1.00
2541,14.52,0.6301,2,1.000,1.00
2549,14.56,0.6318,2,1.000,1.00
2558,14.60,0.6335,2,1.000,1.00
2567,14.64,0.6352,2,1.000,1.00
2575,14.68,0.6368,2,1.000,1.00
2583,14.71,0.6386,2,1.000,1.00
2591,14.75,0.6402,2,1.000,1.00
2600,14.79,0.6417,2,1.000,1.00
2608,14.82,0.6432,2,1.000,1.00
2616,14.86,0.6446,2,1.000,1.00
2623,14.89,0.6467,2,1.000,1.00
2632,14.93,0.6480,2,1.000,1.00
2640,14.97,0.6495,2,1.000,1.00
2648,15.01,0.6511,2,1.000,1.00
2657,15.04,0.6527,2,1.000,1.00
2665,15.08,0.6552,2,1.000,1.00
2674,15.13,0.6572,2,1.000,1.00
2683,15.17,0.6589,2,1.000,1.00
2691,15.21,0.6608,2,1.000,1.00
2700,15.26,0.6627,2,1.000,1.00
2711,15.31,0.6645,2,1.000,1.00
2721,15.36,0.6663,2,1.000,1.00
2731,15.41,0.6686,2,1.000,1.00
2744,15.47,0.6708,2,1.000,1.00
2755,15.52,0.6727,2,1.000,1.00
2766,15.57,0.6753,2,1.000,1.00
2776,15.62,0.6775,2,1.000,1.00
2785,15.66,0.6795,2,1.000,1.00
2795,15.71,0.6815,2,1.000,1.00
2805,15.75,0.6833,2,1.000,1.00
2813,15.79,0.6853,2,1.000,1.00
2822,15.83,0.6872,2,1.000,1.00
2830,15.87,0.6888,2,1.000,1.00
2838,15.91,0.6905,2,1.000,1.00
2847,15.94,0.6920,2,1.000,1.00
2855,15.98,0.6936,2,1.000,1.00
2863,16.02,0.6952,2,1.000,1.00
2872,16.06,0.6967,2,1.000,1.00
2881,16.09,0.6982,2,1.000,1.00
2889,16.13,0.6999,2,1.000,1.00
2897,16.17,0.7015,2,1.000,1.00
2906,16.20,0.7030,2,1.000,1.00
2915,16.24,0.7045,2,1.000,1.00
2923,16.28,0.7061,2,1.000,1.00
2931,16.32,0.7078,2,1.000,1.00
2940,16.35,0.7094,2,1.000,1.00
2948,16.39,0.7109,2,1.000,1.00
2956,16.43,0.7124,2,1.000,1.00
2967,16.47,0.7141,2,1.000,1.00
2975,16.50,0.7156,2,1.000,1.00
2985,16.55,0.7174,2,1.000,1.00
2993,16.58,0.7189,2,1.000,1.00
3001,16.62,0.7208,2,1.000,1.00
3010,16.66,0.7223,2,1.000,1.00
3019,16.70,0.7238,2,1.000,1.00
3028,16.73,0.7255,2,1.000,1.00
3037,16.77,0.7272,2,1.000,1.00
3045,16.81,0.7287,2,1.000,1.00
3053,16.84,0.7305,2,1.000,1.00
3062,16.88,0.7320,2,1.000,1.00
3071,16.91,0.7334,2,1.000,1.00
3079,16.95,0.7350,2,1.000,1.00
3087,16.98,0.7367,2,1.000,1.00
3096,17.02,0.7382,2,1.000,1.00
3104,17.05,0.7397,2,1.000,1.00
3113,17.09,0.7412,2,1.000,1.00
3121,17.12,0.7427,2,1.000,1.00
3129,17.16,0.7443,2,1.000,1.00
3137,17.19,0.7457,2,1.000,1.00
3145,17.23,0.7471,2,1.000,1.00
3153,17.26,0.7486,2,1.000,1.00
3163,17.30,0.7501,2,1.000,1.00
3171,17.33,0.7516,2,1.000,1.00
3180,17.37,0.7533,2,1.000,1.00
3187,17.40,0.7548,2,1.000,1.00
3195,17.43,0.7562,2,1.000,1.00
3205,17.47,0.7576,2,1.000,1.00
3213,17.51,0.7591,2,1.000,1.00
3221,17.54,0.7607,2,1.000,1.00
3230,17.58,0.7623,2,1.000,1.00
3239,17.61,0.7637,2,1.000,1.00
3247,17.65,0.7653,2,1.000,1.00
3255,17.68,0.7668,2,1.000,1.00
3263,17.71,0.7683,2,1.000,1.00
3271,17.74,0.7697,2,1.000,1.00
3279,17.78,0.7710,2,1.000,1.00
3287,17.81,0.7724,2,1.000,1.00
3295,17.84,0.7738,2,1.000,1.00
3303,17.87,0.7752,2,1.000,1.00
3312,17.91,0.7767,2,1.000,1.00
3320,17.94,0.7781,2,1.000,1.00
3328,17.98,0.7796,2,1.000,1.00
3337,18.01,0.7811,2,1.000,1.00
3344,18.04,0.7826,2,1.000,1.00
3353,18.08,0.7840,2,1.000,1.00
3362,18.12,0.7854,2,1.000,1.00
3371,18.15,0.7869,2,1.000,1.00
3381,18.19,0.7886,2,1.000,1.00
3389,18.22,0.7900,2,1.000,1.00
3397,18.26,0.7918,2,1.000,1.00
3405,18.29,0.7933,2,1.000,1.00
3413,18.32,0.7947,2,1.000,1.00
3421,18.35,0.7961,2,1.000,1.00
3429,18.39,0.7975,2,1.000,1.00
3438,18.42,0.7996,2,1.000,1.00
3447,18.46,0.8010,2,1.000,1.00
3455,18.50,0.8026,2,1.000,1.00
3464,18.53,0.8043,2,1.000,1.00
3472,18.57,0.8057,2,1.000,1.00
3482,18.61,0.8074,2,1.000,1.00
3490,18.64,0.8089,2,1.000,1.00
3499,18.68,0.8106,2,1.000,1.00
3507,18.72,0.8120,2,1.000,1.00
3515,18.75,0.8136,2,1.000,1.00
3524,18.78,0.8150,2,1.000,1.00
3533,18.82,0.8165,2,1.000,1.00
3541,18.86,0.8180,2,1.000,1.00
3549,18.89,0.8196,2,1.000,1.00
3557,18.92,0.8211,2,1.000,1.00
3565,18.95,0.8224,2,1.000,1.00
3573,18.99,0.8238,2,1.000,1.00
3583,19.03,0.8252,2,1.000,1.00
3591,19.06,0.8266,2,1.000,1.00
3599,19.09,0.8282,2,1.000,1.00
3607,19.13,0.8296,2,1.000,1.00
3616,19.16,0.8310,2,1.000,1.00
3624,19.19,0.8324,2,1.000,1.00
3632,19.22,0.8338,2,1.000,1.00
3640,19.25,0.8352,2,1.000,1.00
3648,19.28,0.8365,2,1.000,1.00
3655,19.31,0.8379,2,1.000,1.00
3664,19.35,0.8392,2,1.000,1.00
3672,19.38,0.8404,2,1.000,1.00
3680,19.41,0.8418,2,1.000,1.00
3688,19.44,0.8432,2,1.000,1.00
3695,19.47,0.8445,2,1.000,1.00
3704,19.50,0.8457,2,1.000,1.00
3711,19.53,0.8470,2,1.000,1.00
3719,19.56,0.8483,2,1.000,1.00
3727,19.59,0.8495,2,1.000,1.00
3735,19.62,0.8508,2,1.000,1.00
3744,19.66,0.8521,2,1.000,1.00
3752,19.69,0.8534,2,1.000,1.00
3760,19.72,0.8548,2,1.000,1.00
3768,19.75,0.8561,2,1.000,1.00
3777,19.78,0.8573,2,1.000,1.00
3785,19.81,0.8586,2,1.000,1.00
3793,19.84,0.8600,2,1.000,1.00
3803,19.88,0.8613,2,1.000,1.00
3811,19.91,0.8626,2,1.000,1.00
3819,19.94,0.8640,2,1.000,1.00
3828,19.97,0.8653,2,1.000,1.00
3837,20.00,0.8666,2,1.000,1.00
3848,20.04,0.8679,2,1.000,1.00
3858,20.08,0.8694,2,1.000,1.00
3868,20.11,0.8709,2,1.000,1.00
3880,20.16,0.8725,2,1.000,1.00
3892,20.20,0.8741,2,1.000,1.00
3903,20.24,0.8758,2,1.000,1.00
3912,20.27,0.8781,2,1.000,1.00
3921,20.30,0.8797,2,1.000,1.00
3929,20.33,0.8809,2,1.000,1.00
3938,20.36,0.8821,2,1.000,1.00
3946,20.39,0.8833,2,1.000,1.00
3954,20.42,0.8844,2,1.000,1.00
3962,20.45,0.8856,2,1.000,1.00
3971,20.48,0.8868,2,1.000,1.00
3979,20.50,0.8880,2,1.000,1.00
3987,20.53,0.8892,2,1.000,1.00
3995,20.56,0.8904,2,1.000,1.00
4003,20.59,0.8916,2,1.000,1.00
4013,20.62,0.8927,2,1.000,1.00
4020,20.64,0.8938,2,1.000,1.00
4029,20.67,0.8951,2,1.000,1.00
4038,20.70,0.8962,2,1.000,1.00
4046,20.73,0.8974,2,1.000,1.00
4055,20.76,0.8986,2,1.000,1.00
4064,20.79,0.8998,2,1.000,1.00
4074,20.82,0.9010,2,1.000,1.00
4083,20.85,0.9023,2,1.000,1.00
4091,20.88,0.9037,2,1.000,1.00
4100,20.91,0.9049,2,1.000,1.00
4108,20.93,0.9060,2,1.000,1.00
4116,20.96,0.9072,2,1.000,1.00
4125,20.99,0.9083,2,1.000,1.00
4133,21.01,0.9094,2,1.000,1.00
4141,21.04,0.9106,2,1.000,1.00
4150,21.07,0.9120,2,1.000,1.00
4159,21.10,0.9130,2,1.000,1.00
4167,21.12,0.9143,2,1.000,1.00
4176,21.15,0.9153,2,1.000,1.00
4184,21.17,0.9163,2,1.000,1.00
4192,21.20,0.9173,2,1.000,1.00
4200,21.22,0.9182,2,1.000,1.00
4208,21.25,0.9192,2,1.000,1.00
4217,21.27,0.5313,3,1.000,1.00
4227,21.30,0.5418,3,1.000,1.00
4239,21.34,0.5534,3,1.000,1.00
4249,21.37,0.5638,3,1.000,1.00
4257,21.39,0.5722,3,1.000,1.00
4265,21.42,0.5802,3,1.000,1.00
4274,21.44,0.5883,3,1.000,1.00
4282,21.46,0.5966,3,1.000,1.00
4290,21.49,0.6049,3,1.000,1.00
4298,21.50,0.6131,3,1.000,1.00
4307,21.56,0.6217,3,1.000,1.00
4315,21.61,0.6299,3,1.000,1.00
4323,21.66,0.6378,3,1.000,1.00
4332,21.71,0.6469,3,1.000,1.00
4340,21.76,0.6550,3,1.000,1.00
4349,21.81,0.6636,3,1.000,1.00
4357,21.86,0.6720,3,1.000,1.00
4367,21.91,0.6740,3,1.000,1.00
4376,21.96,0.6752,3,1.000,1.00
4386,22.01,0.6764,3,1.000,1.00
4394,22.05,0.6777,3,1.000,1.00
4402,22.09,0.6788,3,1.000,1.00
4410,22.13,0.6799,3,1.000,1.00
4418,22.17,0.6809,3,1.000,1.00
4427,22.21,0.6819,3,1.000,1.00
4435,22.24,0.6828,3,1.000,1.00
4444,22.29,0.6838,3,1.000,1.00
4453,22.32,0.6847,3,1.000,1.00
4461,22.36,0.6858,3,1.000,1.00
4469,22.39,0.6869,3,1.000,1.00
4476,22.43,0.6879,3,1.000,1.00
4484,22.46,0.6889,3,1.000,1.00
4492,22.49,0.6899,3,1.000,1.00
4501,22.53,0.6909,3,1.000,1.00
4508,22.56,0.6918,3,1.000,1.00
4516,22.59,0.6928,3,1.000,1.00
4524,22.62,0.6937,3,1.000,1.00
4532,22.65,0.6945,3,1.000,1.00
4541,22.69,0.6954,3,1.000,1.00
4549,22.72,0.6959,3,1.000,1.00
4557,22.75,0.6976,3,1.000,1.00
4565,22.77,0.6983,3,1.000,1.00
4573,22.80,0.6991,3,1.000,1.00
4582,22.84,0.6998,3,1.000,1.00
4590,22.86,0.7004,3,1.000,1.00
4597,22.89,0.7011,3,1.000,1.00
4605,22.92,0.7017,3,1.000,1.00
4614,22.95,0.7023,3,1.000,1.00
4622,22.97,0.7029,3,1.000,1.00
4631,23.00,0.7036,3,1.000,1.00
4639,23.03,0.7042,3,1.000,1.00
4648,23.06,0.7049,3,1.000,1.00
4656,23.08,0.7055,3,1.000,1.00
4665,23.11,0.7062,3,1.000,1.00
4674,23.14,0.7069,3,1.000,1.00
4682,23.17,0.7077,3,1.000,1.00
4690,23.19,0.7084,3,1.000,1.00
4699,23.22,0.7091,3,1.000,1.00
4708,23.25,0.7098,3,1.000,1.00
4716,23.27,0.7105,3,1.000,1.00
4724,23.29,0.7113,3,1.000,1.00
4732,23.31,0.7123,3,1.000,1.00
4741,23.34,0.7130,3,1.000,1.00
4749,23.36,0.7135,3,1.000,1.00
4757,23.38,0.7141,3,1.000,1.00
4766,23.41,0.7147,3,1.000,1.00
4775,23.43,0.7153,3,1.000,1.00
4783,23.46,0.7158,3,1.000,1.00
4791,23.48,0.7166,3,1.000,1.00
4799,23.50,0.7171,3,1.000,1.00
4807,23.52,0.7177,3,1.000,1.00
4815,23.55,0.7183,3,1.000,1.00
4824,23.58,0.7189,3,1.000,1.00
4833,23.60,0.7196,3,1.000,1.00
4841,23.62,0.7203,3,1.000,1.00
4850,23.65,0.7211,3,1.000,1.00
4859,23.68,0.7218,3,1.000,1.00
4868,23.70,0.7227,3,1.000,1.00
4877,23.73,0.7235,3,1.000,1.00
4884,23.75,0.7244,3,1.000,1.00
4892,23.77,0.7252,3,1.000,1.00
4901,23.80,0.7259,3,1.000,1.00
4910,23.82,0.7267,3,1.000,1.00
4918,23.85,0.7275,3,1.000,1.00
4926,23.87,0.7283,3,1.000,1.00
4933,23.89,0.7290,3,1.000,1.00
4942,23.91,0.7297,3,1.000,1.00
4950,23.94,0.7304,3,1.000,1.00
4959,23.96,0.7311,3,1.000,1.00
4967,23.98,0.7319,3,1.000,1.00
4976,24.01,0.7326,3,1.000,1.00
4985,24.03,0.7333,3,1.000,1.00
4994,24.06,0.7340,3,1.000,1.00
5004,24.08,0.7348,3,1.000,1.00
5014,24.11,0.7356,3,1.000,1.00
5023,24.13,0.7365,3,1.000,1.00
5032,24.16,0.7373,3,1.000,1.00
5043,24.19,0.7381,3,1.000,1.00
5055,24.22,0.7389,3,1.000,1.00
5066,24.25,0.7398,3,1.000,1.00
5077,24.28,0.7407,3,1.000,1.00
5085,24.30,0.7417,3,1.000,1.00
5094,24.32,0.7425,3,1.000,1.00
5103,24.35,0.7445,3,1.000,1.00
5113,24.38,0.7454,3,1.000,1.00
5121,24.41,0.7461,3,1.000,1.00
5130,24.44,0.7469,3,1.000,1.00
5138,24.46,0.7477,3,1.000,1.00
5146,24.49,0.7484,3,1.000,1.00
5154,24.51,0.7491,3,1.000,1.00
5162,24.54,0.7498,3,1.000,1.00
5171,24.56,0.7504,3,1.000,1.00
5182,24.60,0.7511,3,1.000,1.00
5191,24.62,0.7517,3,1.000,1.00
5199,24.65,0.7526,3,1.000,1.00
5207,24.67,0.7534,3,1.000,1.00
5216,24.70,0.7542,3,1.000,1.00
5224,24.72,0.7549,3,1.000,1.00
5232,24.74,0.7556,3,1.000,1.00
5240,24.76,0.7567,3,1.000,1.00
5248,24.78,0.7584,3,1.000,1.00
5256,24.80,0.7592,3,1.000,1.00
5264,24.82,0.7598,3,1.000,1.00
5272,24.85,0.7602,3,1.000,1.00
5280,24.87,0.7607,3,1.000,1.00
5288,24.89,0.7611,3,1.000,1.00
5297,24.92,0.7616,3,1.000,1.00
5304,24.94,0.7621,3,1.000,1.00
5312,24.96,0.7627,3,1.000,1.00
5320,24.99,0.7632,3,1.000,1.00
5329,25.01,0.7637,3,1.000,1.00
5337,25.04,0.7642,3,1.000,1.00
5345,25.06,0.7649,3,1.000,1.00
5353,25.09,0.7656,3,1.000,1.00
5360,25.11,0.7664,3,1.000,1.00
5369,25.14,0.7673,3,1.000,1.00
5378,25.17,0.7681,3,1.000,1.00
5386,25.20,0.7690,3,1.000,1.00
5394,25.22,0.7700,3,1.000,1.00
5403,25.25,0.7709,3,1.000,1.00
5412,25.27,0.7717,3,1.000,1.00
5420,25.30,0.7727,3,1.000,1.00
5428,25.33,0.7736,3,1.000,1.00
5436,25.35,0.7744,3,1.000,1.00
5445,25.37,0.7752,3,1.000,1.00
5453,25.40,0.7760,3,1.000,1.00
5461,25.42,0.7768,3,1.000,1.00
5469,25.45,0.7776,3,1.000,1.00
5478,25.47,0.7783,3,1.000,1.00
5485,25.50,0.7788,3,1.000,1.00
5493,25.52,0.7798,3,1.000,1.00
5502,25.55,0.7807,3,1.000,1.00
5511,25.58,0.7816,3,1.000,1.00
5520,25.60,0.7828,3,1.000,1.00
5528,25.63,0.7838,3,1.000,1.00
5537,25.66,0.7849,3,1.000,1.00
5545,25.69,0.7860,3,1.000,1.00
5553,25.71,0.7869,3,1.000,1.00
5560,25.73,0.7879,3,1.000,1.00
5568,25.76,0.7888,3,1.000,1.00
5576,25.78,0.7897,3,1.000,1.00
5584,25.81,0.7906,3,1.000,1.00
5592,25.83,0.7914,3,1.000,1.00
5600,25.85,0.7920,3,1.000,1.00
5608,25.88,0.7925,3,1.000,1.00
5616,25.90,0.7930,3,1.000,1.00
5623,25.92,0.7935,3,1.000,1.00
5631,25.94,0.7939,3,1.000,1.00
5639,25.96,0.7943,3,1.000,1.00
5647,25.98,0.7947,3,1.000,1.00
5655,26.00,0.7951,3,1.000,1.00
5663,26.02,0.7955,3,1.000,1.00
5671,26.04,0.7958,3,1.000,1.00
5680,26.07,0.7962,3,1.000,1.00
5688,26.09,0.7966,3,1.000,1.00
5697,26.11,0.7970,3,1.000,1.00
5706,26.13,0.7974,3,1.000,1.00
5713,26.15,0.7978,3,1.000,1.00
5721,26.16,0.7982,3,1.000,1.00
5729,26.18,0.7987,3,1.000,1.00
5738,26.20,0.7991,3,1.000,1.00
5746,26.22,0.7996,3,1.000,1.00
5755,26.24,0.8001,3,1.000,1.00
5763,26.26,0.8007,3,1.000,1.00
5772,26.28,0.8013,3,1.000,1.00
5780,26.30,0.8018,3,1.000,1.00
5788,26.32,0.8024,3,1.000,1.00
5797,26.34,0.8029,3,1.000,1.00
5805,26.36,0.8034,3,1.000,1.00
5813,26.38,0.8040,3,1.000,1.00
5821,26.40,0.8046,3,1.000,1.00
5830,26.42,0.8051,3,1.000,1.00
5837,26.44,0.8057,3,1.000,1.00
5846,26.46,0.8063,3,1.000,1.00
5853,26.47,0.8043,3,1.000,1.00
5861,26.49,0.8080,3,1.000,1.00
5870,26.51,0.8085,3,1.000,1.00
5879,26.54,0.8090,3,1.000,1.00
5887,26.56,0.8096,3,1.000,1.00
5895,26.57,0.8103,3,1.000,1.00
5904,26.60,0.8109,3,1.000,1.00
5913,26.62,0.8114,3,1.000,1.00
5921,26.63,0.8121,3,1.000,1.00
5929,26.65,0.8127,3,1.000,1.00
5937,26.67,0.8132,3,1.000,1.00
5945,26.69,0.8138,3,1.000,1.00
5953,26.71,0.8144,3,1.000,1.00
5961,26.73,0.8150,3,1.000,1.00
5969,26.75,0.8156,3,1.000,1.00
5977,26.77,0.8161,3,1.000,1.00
5986,26.79,0.8167,3,1.000,1.00
5994,26.81,0.8173,3,1.000,1.00
6002,26.83,0.8179,3,1.000,1.00
6010,26.85,0.8185,3,1.000,1.00
6018,26.86,0.8191,3,1.000,1.00
6028,26.89,0.8196,3,1.000,1.00
6037,26.91,0.8202,3,1.000,1.00
6045,26.93,0.8209,3,1.000,1.00
6053,26.95,0.8216,3,1.000,1.00
6062,26.97,0.8221,3,1.000,1.00
6071,26.99,0.8227,3,1.000,1.00
6079,27.00,0.8233,3,1.000,1.00
6087,27.02,0.8239,3,1.000,1.00
6095,27.04,0.8245,3,1.000,1.00
6104,27.06,0.8250,3,1.000,1.00
6112,27.08,0.8256,3,1.000,1.00
6120,27.10,0.8273,3,1.000,1.00
6128,27.12,0.8281,3,1.000,1.00
6137,27.14,0.8286,3,1.000,1.00
6147,27.17,0.8293,3,1.000,1.00
6156,27.20,0.8299,3,1.000,1.00
6167,27.22,0.8307,3,1.000,1.00
6178,27.25,0.8314,3,1.000,1.00
6189,27.28,0.8321,3,1.000,1.00
6200,27.31,0.8329,3,1.000,1.00
6211,27.34,0.8337,3,1.000,1.00
6221,27.36,0.8345,3,1.000,1.00
6230,27.38,0.8357,3,1.000,1.00
6239,27.40,0.8363,3,1.000,1.00
6248,27.42,0.8368,3,1.000,1.00
6256,27.44,0.8374,3,1.000,1.00
6264,27.46,0.8379,3,1.000,1.00
6273,27.48,0.8384,3,1.000,1.00
6281,27.50,0.8389,3,1.000,1.00
6290,27.52,0.8394,3,1.000,1.00
6299,27.54,0.8400,3,1.000,1.00
6307,27.56,0.8405,3,1.000,1.00
6315,27.58,0.8411,3,1.000,1.00
6324,27.60,0.8416,3,1.000,1.00
6333,27.62,0.8421,3,1.000,1.00
6343,27.64,0.8426,3,1.000,1.00
6351,27.66,0.8432,3,1.000,1.00
6359,27.68,0.8439,3,1.000,1.00
6368,27.70,0.8444,3,1.000,1.00
6377,27.72,0.8449,3,1.000,1.00
6384,27.73,0.8455,3,1.000,1.00
6392,27.75,0.8460,3,1.000,1.00
6399,27.77,0.8465,3,1.000,1.00
6408,27.79,0.8470,3,1.000,1.00
6417,27.80,0.8474,3,1.000,1.00
6425,27.82,0.8480,3,1.000,1.00
6433,27.84,0.8485,3,1.000,1.00
6441,27.85,0.8490,3,1.000,1.00
6449,27.87,0.8495,3,1.000,1.00
6458,27.89,0.8500,3,1.000,1.00
6465,27.91,0.8505,3,1.000,1.00
6475,27.93,0.8511,3,1.000,1.00
6483,27.94,0.8515,3,1.000,1.00
6492,27.96,0.8521,3,1.000,1.00
6499,27.98,0.8526,3,1.000,1.00
6508,27.99,0.8531,3,1.000,1.00
6516,28.01,0.8536,3,1.000,1.00
6524,28.03,0.8541,3,1.000,1.00
6532,28.04,0.8545,3,1.000,1.00
6541,28.06,0.8550,3,1.000,1.00
6549,28.08,0.8555,3,1.000,1.00
6557,28.09,0.8561,3,1.000,1.00
6565,28.11,0.8565,3,1.000,1.00
6573,28.13,0.8570,3,1.000,1.00
6582,28.14,0.8575,3,1.000,1.00
6590,28.16,0.8579,3,1.000,1.00
6598,28.18,0.8584,3,1.000,1.00
6606,28.19,0.8589,3,1.000,1.00
6616,28.21,0.8594,3,1.000,1.00
6623,28.22,0.8599,3,1.000,1.00
6632,28.24,0.8604,3,1.000,1.00
6640,28.26,0.8609,3,1.000,1.00
6648,28.27,0.8613,3,1.000,1.00
6656,28.29,0.8618,3,1.000,1.00
6664,28.30,0.8622,3,1.000,1.00
6674,28.32,0.8627,3,1.000,1.00
6683,28.34,0.8632,3,1.000,1.00
6691,28.35,0.8637,3,1.000,1.00
6699,28.37,0.8642,3,1.000,1.00
6709,28.39,0.8647,3,1.000,1.00
6718,28.41,0.8652,3,1.000,1.00
6727,28.42,0.8657,3,1.000,1.00
6735,28.44,0.8662,3,1.000,1.00
6744,28.46,0.8667,3,1.000,1.00
6752,28.47,0.8672,3,1.000,1.00
6760,28.49,0.8677,3,1.000,1.00
6769,28.50,0.8681,3,1.000,1.00
6778,28.52,0.8686,3,1.000,1.00
6785,28.53,0.8691,3,1.000,1.00
6793,28.55,0.8695,3,1.000,1.00
6801,28.56,0.8700,3,1.000,1.00
6810,28.58,0.8704,3,1.000,1.00
6818,28.59,0.8708,3,1.000,1.00
6827,28.61,0.8713,3,1.000,1.00
6835,28.62,0.8717,3,1.000,1.00
6844,28.64,0.8722,3,1.000,1.00
6856,28.66,0.8727,3,1.000,1.00
6865,28.68,0.8731,3,1.000,1.00
6875,28.70,0.8736,3,1.000,1.00
6885,28.71,0.8742,3,1.000,1.00
6897,28.74,0.8747,3,1.000,1.00
6906,28.75,0.8753,3,1.000,1.00
6915,28.77,0.8760,3,1.000,1.00
6923,28.78,0.8765,3,1.000,1.00
6932,28.80,0.8769,3,1.000,1.00
6941,28.82,0.8774,3,1.000,1.00
6950,28.83,0.8779,3,1.000,1.00
6960,28.85,0.8784,3,1.000,1.00
6970,28.87,0.8788,3,1.000,1.00
6980,28.88,0.8794,3,1.000,1.00
6990,28.90,0.8799,3,1.000,1.00
7000,28.92,0.8804,3,1.000,1.00
7010,28.94,0.8809,3,1.000,1.00
7021,28.95,0.8814,3,1.000,1.00
7030,28.97,0.8820,3,1.000,1.00
7041,28.99,0.8825,3,1.000,1.00
7051,29.01,0.8830,3,1.000,1.00
7060,29.02,0.8836,3,1.000,1.00
7069,29.04,0.8841,3,1.000,1.00
7079,29.05,0.8845,3,1.000,1.00
7087,29.07,0.8850,3,1.000,1.00
7095,29.08,0.8855,3,1.000,1.00
7103,29.10,0.8859,3,1.000,1.00
7111,29.11,0.8863,3,1.000,1.00
7119,29.12,0.8867,3,1.000,1.00
7127,29.14,0.8871,3,1.000,1.00
7134,29.15,0.8875,3,1.000,1.00
7143,29.16,0.8879,3,1.000,1.00
7151,29.18,0.8883,3,1.000,1.00
7159,29.19,0.8887,3,1.000,1.00
7167,29.20,0.8891,3,1.000,1.00
7175,29.22,0.8895,3,1.000,1.00
7184,29.23,0.8899,3,1.000,1.00
7192,29.25,0.8903,3,1.000,1.00
7200,29.26,0.8908,3,1.000,1.00
7209,29.27,0.8912,3,1.000,1.00
7217,29.29,0.8916,3,1.000,1.00
7225,29.30,0.8920,3,1.000,1.00
7235,29.32,0.8924,3,1.000,1.00
7247,29.34,0.8928,3,1.000,1.00
7256,29.35,0.8933,3,1.000,1.00
7264,29.36,0.8939,3,1.000,1.00
7273,29.38,0.8943,3,1.000,1.00
7281,29.39,0.8947,3,1.000,1.00
7291,29.41,0.8951,3,1.000,1.00
7302,29.43,0.8955,3,1.000,1.00
7315,29.45,0.8960,3,1.000,1.00
7329,29.47,0.8965,3,1.000,1.00
7339,29.49,0.8971,3,1.000,1.00
7348,29.50,0.8978,3,1.000,1.00
7356,29.50,0.8983,3,1.000,1.00
7365,29.52,0.8962,3,1.000,1.00
7373,29.53,0.8987,3,1.000,1.00
7382,29.55,0.8991,3,1.000,1.00
7391,29.56,0.8996,3,1.000,1.00
7400,29.58,0.9000,3,1.000,1.00
7409,29.59,0.9005,3,1.000,1.00
7418,29.61,0.9010,3,1.000,1.00
7426,29.62,0.9015,3,1.000,1.00
7434,29.63,0.9019,3,1.000,1.00
7443,29.65,0.9024,3,1.000,1.00
7451,29.66,0.9028,3,1.000,1.00
7459,29.67,0.9032,3,1.000,1.00
7468,29.69,0.9036,3,1.000,1.00
7477,29.70,0.9040,3,1.000,1.00
7486,29.72,0.9044,3,1.000,1.00
7494,29.73,0.9048,3,1.000,1.00
7503,29.74,0.9052,3,1.000,1.00
7511,29.76,0.9056,3,1.000,1.00
7519,29.77,0.9060,3,1.000,1.00
7527,29.78,0.9064,3,1.000,1.00
7535,29.79,0.9067,3,1.000,1.00
7543,29.80,0.9071,3,1.000,1.00
7551,29.82,0.9075,3,1.000,1.00
7559,29.83,0.9078,3,1.000,1.00
7567,29.84,0.9082,3,1.000,1.00
7575,29.85,0.9086,3,1.000,1.00
7583,29.87,0.9089,3,1.000,1.00
7590,29.88,0.9093,3,1.000,1.00
7598,29.89,0.9096,3,1.000,1.00
7607,29.90,0.9100,3,1.000,1.00
7615,29.92,0.9103,3,1.000,1.00
7623,29.93,0.9107,3,1.000,1.00
7631,29.94,0.9092,3,1.000,1.00
7639,29.95,0.9122,3,1.000,1.00
7647,29.96,0.9125,3,1.000,1.00
7655,29.98,0.9128,3,1.000,1.00
7665,29.99,0.9132,3,1.000,1.00
7673,30.01,0.9135,3,1.000,1.00
7680,30.02,0.9139,3,1.000,1.00
7688,30.03,0.9143,3,1.000,1.00
7696,30.04,0.9146,3,1.000,1.00
7705,30.06,0.9150,3,1.000,1.00
7713,30.07,0.9153,3,1.000,1.00
7720,30.08,0.9157,3,1.000,1.00
7729,30.09,0.9160,3,1.000,1.00
7739,30.11,0.9164,3,1.000,1.00
7748,30.12,0.9168,3,1.000,1.00
7756,30.14,0.9172,3,1.000,1.00
7765,30.15,0.9176,3,1.000,1.00
7773,30.16,0.9180,3,1.000,1.00
7781,30.17,0.9184,3,1.000,1.00
7789,30.19,0.9187,3,1.000,1.00
7797,30.20,0.9190,3,1.000,1.00
7805,30.21,0.9194,3,1.000,1.00
7813,30.22,0.9198,3,1.000,1.00
7821,30.23,0.6493,4,1.000,1.00
7831,30.25,0.6587,4,1.000,1.00
7840,30.26,0.6680,4,1.000,1.00
7849,30.27,0.6771,4,1.000,1.00
7859,30.29,0.6873,4,1.000,1.00
7869,30.30,0.6973,4,1.000,1.00
7878,30.32,0.7061,4,1.000,1.00
7887,30.33,0.7148,4,1.000,1.00
7895,30.34,0.7166,4,1.000,1.00
7903,30.35,0.7169,4,1.000,1.00
7911,30.36,0.7171,4,1.000,1.00
7919,30.38,0.7174,4,1.000,1.00
7928,30.39,0.7177,4,1.000,1.00
7936,30.40,0.7180,4,1.000,1.00
7946,30.41,0.7183,4,1.000,1.00
7954,30.43,0.7186,4,1.000,1.00
7962,30.44,0.7188,4,1.000,1.00
7970,30.45,0.7191,4,1.000,1.00
7979,30.46,0.7194,4,1.000,1.00
7987,30.47,0.7197,4,1.000,1.00
7995,30.48,0.7200,4,1.000,1.00
8003,30.50,0.7202,4,1.000,1.00
8012,30.51,0.7204,4,1.000,1.00
8019,30.52,0.7207,4,1.000,1.00
8027,30.53,0.7210,4,1.000,1.00
8035,30.54,0.7213,4,1.000,1.00
8044,30.55,0.7215,4,1.000,1.00
8052,30.56,0.7218,4,1.000,1.00
8060,30.58,0.7221,4,1.000,1.00
8068,30.59,0.7224,4,1.000,1.00
8076,30.60,0.7226,4,1.000,1.00
8086,30.61,0.7229,4,1.000,1.00
8094,30.62,0.7232,4,1.000,1.00
8103,30.64,0.7235,4,1.000,1.00
8113,30.65,0.7238,4,1.000,1.00
8122,30.66,0.7241,4,1.000,1.00
8130,30.67,0.7244,4,1.000,1.00
8139,30.69,0.7247,4,1.000,1.00
8147,30.70,0.7250,4,1.000,1.00
8155,30.71,0.7252,4,1.000,1.00
8164,30.72,0.7255,4,1.000,1.00
8171,30.73,0.7258,4,1.000,1.00
8180,30.74,0.7261,4,1.000,1.00
8188,30.76,0.7263,4,1.000,1.00
8197,30.77,0.7266,4,1.000,1.00
8206,30.78,0.7269,4,1.000,1.00
8214,30.79,0.7272,4,1.000,1.00
8222,30.80,0.7275,4,1.000,1.00
8231,30.81,0.7277,4,1.000,1.00
8239,30.83,0.7280,4,1.000,1.00
8247,30.84,0.7283,4,1.000,1.00
8255,30.85,0.7285,4,1.000,1.00
8263,30.86,0.7288,4,1.000,1.00
8271,30.87,0.7291,4,1.000,1.00
8279,30.88,0.7293,4,1.000,1.00
8287,30.89,0.7296,4,1.000,1.00
8296,30.90,0.7298,4,1.000,1.00
8304,30.92,0.7301,4,1.000,1.00
8312,30.93,0.7304,4,1.000,1.00
8321,30.94,0.7306,4,1.000,1.00
8329,30.95,0.7309,4,1.000,1.00
8338,30.96,0.7312,4,1.000,1.00
8347,30.97,0.7315,4,1.000,1.00
8355,30.99,0.7317,4,1.000,1.00
8363,31.00,0.7320,4,1.000,1.00
8373,31.01,0.7323,4,1.000,1.00
8381,31.02,0.7326,4,1.000,1.00
8389,31.03,0.7329,4,1.000,1.00
8397,31.04,0.7331,4,1.000,1.00
8405,31.06,0.7334,4,1.000,1.00
8415,31.07,0.7337,4,1.000,1.00
8427,31.08,0.7339,4,1.000,1.00
8437,31.10,0.7342,4,1.000,1.00
8447,31.11,0.7346,4,1.000,1.00
8458,31.13,0.7350,4,1.000,1.00
8469,31.14,0.7353,4,1.000,1.00
8480,31.16,0.7356,4,1.000,1.00
8489,31.17,0.7360,4,1.000,1.00
8498,31.18,0.7363,4,1.000,1.00
8507,31.19,0.7366,4,1.000,1.00
8515,31.21,0.7369,4,1.000,1.00
8524,31.22,0.7372,4,1.000,1.00
8533,31.23,0.7375,4,1.000,1.00
8542,31.24,0.7378,4,1.000,1.00
8550,31.25,0.7381,4,1.000,1.00
8560,31.27,0.7383,4,1.000,1.00
8568,31.28,0.7386,4,1.000,1.00
8577,31.29,0.7389,4,1.000,1.00
8587,31.30,0.7392,4,1.000,1.00
8595,31.31,0.7395,4,1.000,1.00
8604,31.33,0.7398,4,1.000,1.00
8613,31.34,0.7401,4,1.000,1.00
8621,31.35,0.7403,4,1.000,1.00
8628,31.36,0.7406,4,1.000,1.00
8637,31.37,0.7409,4,1.000,1.00
8646,31.38,0.7411,4,1.000,1.00
8653,31.42,0.7491,4,1.000,1.00
8661,31.46,0.7519,4,1.000,1.00
8670,31.50,0.7524,4,1.000,1.00
8679,31.54,0.7530,4,1.000,1.00
8688,31.58,0.7537,4,1.000,1.00
8696,31.62,0.7544,4,1.000,1.00
8705,31.66,0.7550,4,1.000,1.00
8713,31.69,0.7556,4,1.000,1.00
8721,31.72,0.7562,4,1.000,1.00
8730,31.76,0.7567,4,1.000,1.00
8738,31.79,0.7572,4,1.000,1.00
8747,31.82,0.7576,4,1.000,1.00
8754,31.85,0.7581,4,1.000,1.00
8762,31.87,0.7586,4,1.000,1.00
8770,31.90,0.7590,4,1.000,1.00
8778,31.93,0.7594,4,1.000,1.00
8786,31.95,0.7598,4,1.000,1.00
8795,31.98,0.7602,4,1.000,1.00
8803,32.00,0.7606,4,1.000,1.00
8811,32.03,0.7610,4,1.000,1.00
8819,32.05,0.7614,4,1.000,1.00
8827,32.08,0.7618,4,1.000,1.00
8836,32.10,0.7622,4,1.000,1.00
8845,32.13,0.7625,4,1.000,1.00
8853,32.15,0.7629,4,1.000,1.00
8861,32.17,0.7633,4,1.000,1.00
8870,32.19,0.7637,4,1.000,1.00
8878,32.21,0.7640,4,1.000,1.00
8887,32.23,0.7644,4,1.000,1.00
8896,32.25,0.7647,4,1.000,1.00
8904,32.27,0.7651,4,1.000,1.00
8912,32.29,0.7655,4,1.000,1.00
8921,32.31,0.7658,4,1.000,1.00
8929,32.33,0.7661,4,1.000,1.00
8938,32.35,0.7665,4,1.000,1.00
8946,32.37,0.7668,4,1.000,1.00
8954,32.39,0.7671,4,1.000,1.00
8962,32.40,0.7675,4,1.000,1.00
8971,32.42,0.7678,4,1.000,1.00
8979,32.44,0.7681,4,1.000,1.00
8988,32.45,0.7684,4,1.000,1.00
8996,32.47,0.7688,4,1.000,1.00
9004,32.49,0.7690,4,1.000,1.00
9012,32.50,0.7694,4,1.000,1.00
9020,32.52,0.7697,4,1.000,1.00
9028,32.53,0.7699,4,1.000,1.00
9036,32.54,0.7702,4,1.000,1.00
9044,32.55,0.7684,4,1.000,1.00
9052,32.56,0.7703,4,1.000,1.00
9061,32.58,0.7706,4,1.000,1.00
9071,32.60,0.7709,4,1.000,1.00
9080,32.62,0.7713,4,1.000,1.00
9088,32.63,0.7717,4,1.000,1.00
9097,32.64,0.7720,4,1.000,1.00
9105,32.66,0.7724,4,1.000,1.00
9113,32.67,0.7727,4,1.000,1.00
9121,32.69,0.7730,4,1.000,1.00
9129,32.70,0.7733,4,1.000,1.00
9137,32.71,0.7736,4,1.000,1.00
9146,32.73,0.7739,4,1.000,1.00
9155,32.74,0.7741,4,1.000,1.00
9163,32.75,0.7744,4,1.000,1.00
9171,32.77,0.7747,4,1.000,1.00
9180,32.78,0.7750,4,1.000,1.00
9189,32.79,0.7753,4,1.000,1.00
9197,32.81,0.7755,4,1.000,1.00
9205,32.82,0.7758,4,1.000,1.00
9213,32.83,0.7761,4,1.000,1.00
9222,32.85,0.7764,4,1.000,1.00
9231,32.86,0.7766,4,1.000,1.00
9240,32.87,0.7769,4,1.000,1.00
9249,32.89,0.7772,4,1.000,1.00
9257,32.90,0.7775,4,1.000,1.00
9266,32.91,0.7762,4,1.000,1.00
9275,32.92,0.7782,4,1.000,1.00
9284,32.93,0.7784,4,1.000,1.00
9292,32.95,0.7787,4,1.000,1.00
9301,32.96,0.7789,4,1.000,1.00
9309,32.97,0.7792,4,1.000,1.00
9317,32.98,0.7794,4,1.000,1.00
9326,32.99,0.7797,4,1.000,1.00
9334,33.00,0.7799,4,1.000,1.00
9343,33.02,0.7801,4,1.000,1.00
9351,33.03,0.7804,4,1.000,1.00
9360,33.04,0.7807,4,1.000,1.00
9369,33.05,0.7809,4,1.000,1.00
9377,33.06,0.7812,4,1.000,1.00
9387,33.08,0.7815,4,1.000,1.00
9395,33.09,0.7817,4,1.000,1.00
9403,33.10,0.7820,4,1.000,1.00
9411,33.11,0.7823,4,1.000,1.00
9421,33.12,0.7825,4,1.000,1.00
9430,33.14,0.7827,4,1.000,1.00
9439,33.15,0.7830,4,1.000,1.00
9447,33.16,0.7833,4,1.000,1.00
9456,33.17,0.7836,4,1.000,1.00
9465,33.18,0.7839,4,1.000,1.00
9474,33.20,0.7852,4,1.000,1.00
9482,33.21,0.7855,4,1.000,1.00
9491,33.23,0.7858,4,1.000,1.00
9500,33.24,0.7861,4,1.000,1.00
9508,33.25,0.7864,4,1.000,1.00
9516,33.27,0.7867,4,1.000,1.00
9524,33.28,0.7871,4,1.000,1.00
9534,33.30,0.7874,4,1.000,1.00
9543,33.31,0.7876,4,1.000,1.00
9553,33.33,0.7880,4,1.000,1.00
9566,33.35,0.7883,4,1.000,1.00
9578,33.37,0.7886,4,1.000,1.00
9588,33.38,0.7890,4,1.000,1.00
9597,33.40,0.7894,4,1.000,1.00
9607,33.41,0.7897,4,1.000,1.00
9616,33.42,0.7900,4,1.000,1.00
9625,33.44,0.7903,4,1.000,1.00
9633,33.45,0.7906,4,1.000,1.00
9643,33.46,0.7909,4,1.000,1.00
9652,33.48,0.7911,4,1.000,1.00
9663,33.49,0.7914,4,1.000,1.00
9672,33.50,0.7917,4,1.000,1.00
9680,33.52,0.7920,4,1.000,1.00
9689,33.53,0.7923,4,1.000,1.00
9698,33.54,0.7926,4,1.000,1.00
9706,33.55,0.7928,4,1.000,1.00
9714,33.56,0.7931,4,1.000,1.00
9723,33.57,0.7933,4,1.000,1.00
9731,33.59,0.7936,4,1.000,1.00
9739,33.60,0.7939,4,1.000,1.00
9747,33.61,0.7941,4,1.000,1.00
9755,33.62,0.7943,4,1.000,1.00
9763,33.63,0.7946,4,1.000,1.00
9772,33.64,0.7948,4,1.000,1.00
9781,33.65,0.7951,4,1.000,1.00
9789,33.66,0.7953,4,1.000,1.00
9797,33.68,0.7956,4,1.000,1.00
9805,33.69,0.7959,4,1.000,1.00
9814,33.70,0.7961,4,1.000,1.00
9822,33.71,0.7964,4,1.000,1.00
9831,33.72,0.7966,4,1.000,1.00
9839,33.73,0.7968,4,1.000,1.00
9848,33.74,0.7971,4,1.000,1.00
9858,33.76,0.7974,4,1.000,1.00
9867,33.77,0.7976,4,1.000,1.00
9875,33.78,0.7979,4,1.000,1.00
9884,33.79,0.7981,4,1.000,1.00
9893,33.80,0.7984,4,1.000,1.00
9901,33.81,0.7987,4,1.000,1.00
9909,33.82,0.7989,4,1.000,1.00
9918,33.83,0.7992,4,1.000,1.00
9926,33.84,0.7994,4,1.000,1.00
9935,33.85,0.7997,4,1.000,1.00
9945,33.87,0.7999,4,1.000,1.00
9953,33.88,0.8001,4,1.000,1.00
9962,33.89,0.8004,4,1.000,1.00
9970,33.90,0.8007,4,1.000,1.00
9979,33.91,0.8009,4,1.000,1.00
9987,33.92,0.8012,4,1.000,1.00
9996,33.93,0.8014,4,1.000,1.00
10004,33.94,0.8016,4,1.000,1.00
10015,33.95,0.8019,4,1.000,1.00
10023,33.96,0.8021,4,1.000,1.00
10031,33.97,0.8024,4,1.000,1.00
10040,33.98,0.8027,4,1.000,1.00
10048,33.99,0.8029,4,1.000,1.00
10056,34.00,0.8031,4,1.000,1.00
10065,34.01,0.8034,4,1.000,1.00
10074,34.03,0.8036,4,1.000,1.00
10084,34.04,0.8039,4,1.000,1.00
10093,34.05,0.8041,4,1.000,1.00
10101,34.06,0.8044,4,1.000,1.00
10111,34.07,0.8046,4,1.000,1.00
10120,34.08,0.8049,4,1.000,1.00
10128,34.09,0.8052,4,1.000,1.00
10137,34.10,0.8054,4,1.000,1.00
10146,34.11,0.8056,4,1.000,1.00
10154,34.12,0.8059,4,1.000,1.00
10162,34.13,0.8061,4,1.000,1.00
10171,34.14,0.8064,4,1.000,1.00
10179,34.15,0.8066,4,1.000,1.00
10188,34.16,0.8068,4,1.000,1.00
10196,34.17,0.8070,4,1.000,1.00
10205,34.18,0.8073,4,1.000,1.00
10213,34.19,0.8075,4,1.000,1.00
10222,34.20,0.8078,4,1.000,1.00
10231,34.21,0.8080,4,1.000,1.00
10240,34.22,0.8082,4,1.000,1.00
10249,34.24,0.8085,4,1.000,1.00
10260,34.25,0.8087,4,1.000,1.00
10269,34.26,0.8090,4,1.000,1.00
10278,34.27,0.8093,4,1.000,1.00
10287,34.28,0.8095,4,1.000,1.00
10297,34.29,0.8098,4,1.000,1.00
10306,34.30,0.8100,4,1.000,1.00
10315,34.31,0.8103,4,1.000,1.00
10324,34.32,0.8105,4,1.000,1.00
10333,34.33,0.8108,4,1.000,1.00
10343,34.34,0.8110,4,1.000,1.00
10352,34.35,0.8113,4,1.000,1.00
10360,34.36,0.8115,4,1.000,1.00
10370,34.37,0.8118,4,1.000,1.00
10379,34.38,0.8094,4,1.000,1.00
10389,34.39,0.8118,4,1.000,1.00
10397,34.40,0.8121,4,1.000,1.00
10406,34.41,0.8124,4,1.000,1.00
10417,34.42,0.8126,4,1.000,1.00
10427,34.43,0.8129,4,1.000,1.00
10437,34.45,0.8132,4,1.000,1.00
10448,34.46,0.8135,4,1.000,1.00
10457,34.47,0.8138,4,1.000,1.00
10465,34.48,0.8141,4,1.000,1.00
10475,34.49,0.8144,4,1.000,1.00
10484,34.50,0.8146,4,1.000,1.00
10493,34.51,0.8148,4,1.000,1.00
10501,34.52,0.8151,4,1.000,1.00
10510,34.53,0.8153,4,1.000,1.00
10519,34.54,0.8155,4,1.000,1.00
10528,34.55,0.8158,4,1.000,1.00
10537,34.56,0.8160,4,1.000,1.00
10546,34.57,0.8162,4,1.000,1.00
10555,34.58,0.8177,4,1.000,1.00
10564,34.60,0.8181,4,1.000,1.00
10573,34.61,0.8184,4,1.000,1.00
10582,34.62,0.8187,4,1.000,1.00
10590,34.64,0.8190,4,1.000,1.00
10599,34.65,0.8193,4,1.000,1.00
10607,34.66,0.8195,4,1.000,1.00
10616,34.68,0.8198,4,1.000,1.00
10624,34.69,0.8201,4,1.000,1.00
10633,34.70,0.8203,4,1.000,1.00
10642,34.71,0.8206,4,1.000,1.00
10651,34.73,0.8208,4,1.000,1.00
10662,34.74,0.8211,4,1.000,1.00
10672,34.76,0.8213,4,1.000,1.00
10683,34.77,0.8216,4,1.000,1.00
10693,34.78,0.8219,4,1.000,1.00
10703,34.80,0.8222,4,1.000,1.00
10714,34.81,0.8225,4,1.000,1.00
10723,34.82,0.8228,4,1.000,1.00
10732,34.83,0.8230,4,1.000,1.00
10740,34.85,0.8233,4,1.000,1.00
10749,34.86,0.8235,4,1.000,1.00
10758,34.87,0.8238,4,1.000,1.00
10768,34.88,0.8240,4,1.000,1.00
10777,34.89,0.8242,4,1.000,1.00
10786,34.90,0.8245,4,1.000,1.00
10798,34.92,0.8247,4,1.000,1.00
10807,34.93,0.8249,4,1.000,1.00
10815,34.94,0.8252,4,1.000,1.00
10824,34.95,0.8255,4,1.000,1.00
10834,34.96,0.8257,4,1.000,1.00
10843,34.97,0.8259,4,1.000,1.00
10853,34.98,0.8262,4,1.000,1.00
10864,34.99,0.8264,4,1.000,1.00
10874,35.01,0.8266,4,1.000,1.00
10884,35.02,0.8269,4,1.000,1.00
10893,35.03,0.8272,4,1.000,1.00
10901,35.04,0.8275,4,1.000,1.00
10911,35.05,0.8277,4,1.000,1.00
10921,35.06,0.8279,4,1.000,1.00
10930,35.07,0.8282,4,1.000,1.00
10938,35.08,0.8284,4,1.000,1.00
10947,35.09,0.8286,4,1.000,1.00
10956,35.10,0.8288,4,1.000,1.00
10965,35.11,0.8290,4,1.000,1.00
10974,35.12,0.8292,4,1.000,1.00
10984,35.13,0.8294,4,1.000,1.00
10992,35.14,0.8296,4,1.000,1.00
11004,35.15,0.8298,4,1.000,1.00
11014,35.16,0.8300,4,1.000,1.00
11023,35.17,0.8303,4,1.000,1.00
11031,35.18,0.8306,4,1.000,1.00
11039,35.19,0.8308,4,1.000,1.00
11048,35.19,0.8310,4,1.000,1.00
11056,35.20,0.8312,4,1.000,1.00
11064,35.21,0.8314,4,1.000,1.00
11073,35.22,0.8315,4,1.000,1.00
11082,35.23,0.8317,4,1.000,1.00
11090,35.24,0.8319,4,1.000,1.00
11099,35.25,0.8321,4,1.000,1.00
11108,35.26,0.8323,4,1.000,1.00
11116,35.26,0.8325,4,1.000,1.00
11125,35.27,0.8327,4,1.000,1.00
11133,35.28,0.8329,4,1.000,1.00
11142,35.29,0.8331,4,1.000,1.00
11150,35.30,0.8333,4,1.000,1.00
11158,35.31,0.8335,4,1.000,1.00
11166,35.31,0.8337,4,1.000,1.00
11174,35.32,0.8339,4,1.000,1.00
11182,35.33,0.8348,4,1.000,1.00
11191,35.34,0.8349,4,1.000,1.00
11201,35.35,0.8351,4,1.000,1.00
11210,35.37,0.8354,4,1.000,1.00
11218,35.37,0.8356,4,1.000,1.00
11226,35.38,0.8359,4,1.000,1.00
11236,35.39,0.8360,4,1.000,1.00
11245,35.41,0.8362,4,1.000,1.00
11254,35.41,0.8363,4,1.000,1.00
11262,35.42,0.8367,4,1.000,1.00
11270,35.43,0.8369,4,1.000,1.00
11279,35.44,0.8370,4,1.000,1.00
11288,35.45,0.8372,4,1.000,1.00
11296,35.46,0.8374,4,1.000,1.00
11305,35.47,0.8376,4,1.000,1.00
11313,35.48,0.8379,4,1.000,1.00
11322,35.49,0.8394,4,1.000,1.00
11332,35.51,0.8394,4,1.000,1.00
11340,35.52,0.8397,4,1.000,1.00
11349,35.53,0.8400,4,1.000,1.00
11357,35.54,0.8402,4,1.000,1.00
11367,35.55,0.8404,4,1.000,1.00
11376,35.56,0.8406,4,1.000,1.00
11384,35.58,0.8408,4,1.000,1.00
11393,35.59,0.8410,4,1.000,1.00
11402,35.60,0.8413,4,1.000,1.00
11410,35.61,0.8415,4,1.000,1.00
11419,35.62,0.8417,4,1.000,1.00
11427,35.63,0.8419,4,1.000,1.00
11436,35.64,0.8422,4,1.000,1.00
11445,35.65,0.8423,4,1.000,1.00
11454,35.66,0.8425,4,1.000,1.00
11463,35.67,0.8427,4,1.000,1.00
11474,35.68,0.8430,4,1.000,1.00
11483,35.69,0.8430,4,1.000,1.00
11491,35.70,0.8433,4,1.000,1.00
11500,35.71,0.8435,4,1.000,1.00
11508,35.72,0.8437,4,1.000,1.00
11517,35.73,0.8439,4,1.000,1.00
11526,35.74,0.8442,4,1.000,1.00
11533,35.75,0.8444,4,1.000,1.00
11542,35.76,0.8446,4,1.000,1.00
11550,35.77,0.8447,4,1.000,1.00
11558,35.78,0.8450,4,1.000,1.00
11567,35.79,0.8451,4,1.000,1.00
11576,35.80,0.8453,4,1.000,1.00
11583,35.80,0.8455,4,1.000,1.00
11592,35.81,0.8457,4,1.000,1.00
11600,35.82,0.8459,4,1.000,1.00
11610,35.83,0.8461,4,1.000,1.00
11620,35.84,0.8463,4,1.000,1.00
11627,35.85,0.8464,4,1.000,1.00
11635,35.86,0.8467,4,1.000,1.00
11643,35.86,0.8468,4,1.000,1.00
11652,35.87,0.8470,4,1.000,1.00
11660,35.88,0.8472,4,1.000,1.00
11668,35.89,0.8473,4,1.000,1.00
11678,35.90,0.8475,4,1.000,1.00
11687,35.91,0.8477,4,1.000,1.00
11695,35.91,0.8479,4,1.000,1.00
11704,35.92,0.8481,4,1.000,1.00
11712,35.93,0.8483,4,1.000,1.00
11721,35.94,0.8484,4,1.000,1.00
11729,35.95,0.8486,4,1.000,1.00
11737,35.95,0.8488,4,1.000,1.00
11745,35.96,0.8489,4,1.000,1.00
11752,35.97,0.8491,4,1.000,1.00
11760,35.98,0.8493,4,1.000,1.00
11768,35.98,0.8494,4,1.000,1.00
11777,35.99,0.8496,4,1.000,1.00
11785,36.00,0.8498,4,1.000,1.00
11794,36.01,0.8500,4,1.000,1.00
11803,36.01,0.8501,4,1.000,1.00
11811,36.02,0.8503,4,1.000,1.00
11819,36.03,0.8505,4,1.000,1.00
11827,36.04,0.8507,4,1.000,1.00
11835,36.04,0.8508,4,1.000,1.00
11844,36.05,0.8510,4,1.000,1.00
11853,36.06,0.8511,4,1.000,1.00
11861,36.07,0.8513,4,1.000,1.00
11870,36.07,0.8515,4,1.000,1.00
11878,36.08,0.8517,4,1.000,1.00
11888,36.09,0.8518,4,1.000,1.00
11898,36.10,0.8520,4,1.000,1.00
11908,36.11,0.8522,4,1.000,1.00
11920,36.12,0.8524,4,1.000,1.00
11931,36.13,0.8526,4,1.000,1.00
11944,36.14,0.8528,4,1.000,1.00
11955,36.15,0.8530,4,1.000,1.00
11967,36.16,0.8533,4,1.000,1.00
11977,36.17,0.8535,4,1.000,1.00
11986,36.17,0.8537,4,1.000,1.00
11995,36.18,0.8539,4,1.000,1.00
12004,36.19,0.8541,4,1.000,1.00
12013,36.20,0.8543,4,1.000,1.00
12022,36.21,0.8545,4,1.000,1.00
12031,36.21,0.8547,4,1.000,1.00
12040,36.22,0.8548,4,1.000,1.00
12049,36.23,0.8550,4,1.000,1.00
12057,36.24,0.8563,4,1.000,1.00
12068,36.25,0.8563,4,1.000,1.00
12078,36.26,0.8564,4,1.000,1.00
12090,36.27,0.8567,4,1.000,1.00
12100,36.28,0.8569,4,1.000,1.00
12111,36.29,0.8572,4,1.000,1.00
12121,36.31,0.8574,4,1.000,1.00
12131,36.32,0.8575,4,1.000,1.00
12142,36.33,0.8578,4,1.000,1.00
12150,36.34,0.8580,4,1.000,1.00
12159,36.34,0.8582,4,1.000,1.00
12168,36.35,0.8584,4,1.000,1.00
12177,36.36,0.8586,4,1.000,1.00
12185,36.37,0.8587,4,1.000,1.00
12194,36.38,0.8589,4,1.000,1.00
12204,36.39,0.8591,4,1.000,1.00
12212,36.39,0.8592,4,1.000,1.00
12221,36.40,0.8594,4,1.000,1.00
12230,36.41,0.8596,4,1.000,1.00
12239,36.42,0.8598,4,1.000,1.00
12249,36.42,0.8599,4,1.000,1.00
12260,36.48,0.8712,4,1.000,1.00
12269,36.52,0.8799,4,1.000,1.00
12278,36.57,0.8803,4,1.000,1.00
12287,36.62,0.8808,4,1.000,1.00
12295,36.66,0.8811,4,1.000,1.00
12303,36.70,0.8816,4,1.000,1.00
12312,36.74,0.8818,4,1.000,1.00
12320,36.79,0.8822,4,1.000,1.00
12329,36.83,0.8826,4,1.000,1.00
12338,36.88,0.8831,4,1.000,1.00
12346,36.91,0.8836,4,1.000,1.00
12354,36.95,0.8841,4,1.000,1.00
12363,36.99,0.8845,4,1.000,1.00
12371,37.02,0.8848,4,1.000,1.00
12379,37.06,0.8852,4,1.000,1.00
12388,37.09,0.8855,4,1.000,1.00
12397,37.12,0.8858,4,1.000,1.00
12405,37.15,0.8862,4,1.000,1.00
12413,37.18,0.8865,4,1.000,1.00
12422,37.21,0.8868,4,1.000,1.00
12430,37.24,0.8870,4,1.000,1.00
12439,37.27,0.8873,4,1.000,1.00
12449,37.30,0.8876,4,1.000,1.00
12458,37.32,0.8878,4,1.000,1.00
12468,37.35,0.8882,4,1.000,1.00
12477,37.38,0.8884,4,1.000,1.00
12486,37.40,0.8887,4,1.000,1.00
12494,37.42,0.8889,4,1.000,1.00
12504,37.45,0.8892,4,1.000,1.00
12513,37.47,0.8897,4,1.000,1.00
12522,37.49,0.8899,4,1.000,1.00
12530,37.51,0.8901,4,1.000,1.00
12539,37.52,0.8903,4,1.000,1.00
12547,37.54,0.8904,4,1.000,1.00
12555,37.56,0.8906,4,1.000,1.00
12564,37.58,0.8908,4,1.000,1.00
12573,37.59,0.8909,4,1.000,1.00
12582,37.61,0.8911,4,1.000,1.00
12590,37.62,0.8913,4,1.000,1.00
12599,37.64,0.8915,4,1.000,1.00
12608,37.65,0.8917,4,1.000,1.00
12616,37.67,0.8919,4,1.000,1.00
12625,37.68,0.8921,4,1.000,1.00
12633,37.69,0.8922,4,1.000,1.00
12642,37.71,0.8924,4,1.000,1.00
12650,37.72,0.8926,4,1.000,1.00
12657,37.73,0.8927,4,1.000,1.00
12667,37.74,0.8928,4,1.000,1.00
12676,37.76,0.8932,4,1.000,1.00
12685,37.77,0.8934,4,1.000,1.00
12694,37.78,0.8935,4,1.000,1.00
12703,37.79,0.8936,4,1.000,1.00
12711,37.80,0.8938,4,1.000,1.00
12720,37.81,0.8939,4,1.000,1.00
12729,37.82,0.8940,4,1.000,1.00
12737,37.83,0.8942,4,1.000,1.00
12746,37.84,0.8943,4,1.000,1.00
12755,37.85,0.8945,4,1.000,1.00
12763,37.86,0.8946,4,1.000,1.00
12772,37.87,0.8947,4,1.000,1.00
12781,37.88,0.8948,4,1.000,1.00
12790,37.88,0.8950,4,1.000,1.00
12799,37.89,0.8951,4,1.000,1.00
12808,37.90,0.8953,4,1.000,1.00
12817,37.91,0.8954,4,1.000,1.00
12826,37.92,0.8955,4,1.000,1.00
12834,37.93,0.8957,4,1.000,1.00
12843,37.93,0.8958,4,1.000,1.00
12851,37.94,0.8959,4,1.000,1.00
12859,37.95,0.8961,4,1.000,1.00
12867,37.96,0.8962,4,1.000,1.00
12877,37.96,0.8963,4,1.000,1.00
12885,37.97,0.8964,4,1.000,1.00
12893,37.98,0.8966,4,1.000,1.00
12901,37.98,0.8967,4,1.000,1.00
12910,37.99,0.8968,4,1.000,1.00
12919,38.00,0.8969,4,1.000,1.00
12928,38.00,0.8970,4,1.000,1.00
12936,38.01,0.8971,4,1.000,1.00
12945,38.01,0.8973,4,1.000,1.00
12954,38.02,0.8974,4,1.000,1.00
12962,38.03,0.8975,4,1.000,1.00
12971,38.03,0.8976,4,1.000,1.00
12980,38.04,0.8977,4,1.000,1.00
12989,38.05,0.8979,4,1.000,1.00
12998,38.05,0.8980,4,1.000,1.00
13006,38.06,0.8981,4,1.000,1.00
13015,38.06,0.8982,4,1.000,1.00
13027,38.07,0.8983,4,1.000,1.00
13037,38.08,0.8984,4,1.000,1.00
13047,38.08,0.8986,4,1.000,1.00
13058,38.09,0.8987,4,1.000,1.00
13070,38.10,0.8988,4,1.000,1.00
13081,38.10,0.8990,4,1.000,1.00
13094,38.11,0.8991,4,1.000,1.00
13105,38.12,0.8992,4,1.000,1.00
13113,38.12,0.8994,4,1.000,1.00
13122,38.13,0.8995,4,1.000,1.00
13131,38.13,0.8996,4,1.000,1.00
13142,38.14,0.8997,4,1.000,1.00
13150,38.15,0.9001,4,1.000,1.00
13158,38.15,0.9003,4,1.000,1.00
13167,38.15,0.9003,4,1.000,1.00
13175,38.16,0.9003,4,1.000,1.00
13183,38.16,0.9004,4,1.000,1.00
13192,38.17,0.9005,4,1.000,1.00
13201,38.17,0.9005,4,1.000,1.00
13211,38.18,0.9006,4,1.000,1.00
13219,38.18,0.9007,4,1.000,1.00
13228,38.19,0.9008,4,1.000,1.00
13237,38.19,0.9009,4,1.000,1.00
13245,38.20,0.9010,4,1.000,1.00
13254,38.20,0.9011,4,1.000,1.00
13262,38.21,0.9012,4,1.000,1.00
13271,38.21,0.9013,4,1.000,1.00
13280,38.22,0.9014,4,1.000,1.00
13288,38.22,0.9015,4,1.000,1.00
13296,38.22,0.9016,4,1.000,1.00
13304,38.23,0.9017,4,1.000,1.00
13314,38.23,0.9018,4,1.000,1.00
13322,38.24,0.9019,4,1.000,1.00
13331,38.24,0.9020,4,1.000,1.00
13340,38.25,0.9020,4,1.000,1.00
13348,38.25,0.9022,4,1.000,1.00
13356,38.25,0.9023,4,1.000,1.00
13365,38.26,0.9023,4,1.000,1.00
13373,38.26,0.9024,4,1.000,1.00
13382,38.27,0.9025,4,1.000,1.00
13390,38.27,0.9026,4,1.000,1.00
13398,38.28,0.9027,4,1.000,1.00
13407,38.28,0.9028,4,1.000,1.00
13416,38.28,0.9029,4,1.000,1.00
13425,38.29,0.9030,4,1.000,1.00
13434,38.29,0.9031,4,1.000,1.00
13443,38.30,0.9032,4,1.000,1.00
13452,38.30,0.9033,4,1.000,1.00
13460,38.31,0.9034,4,1.000,1.00
13468,38.31,0.9035,4,1.000,1.00
13477,38.31,0.9036,4,1.000,1.00
13486,38.32,0.9036,4,1.000,1.00
13494,38.32,0.9037,4,1.000,1.00
13503,38.33,0.9038,4,1.000,1.00
13511,38.33,0.9039,4,1.000,1.00
13520,38.33,0.9040,4,1.000,1.00
13528,38.34,0.9041,4,1.000,1.00
13536,38.34,0.9042,4,1.000,1.00
13545,38.35,0.9040,4,1.000,1.00
13554,38.35,0.9046,4,1.000,1.00
13562,38.35,0.9047,4,1.000,1.00
13570,38.36,0.9048,4,1.000,1.00
13579,38.36,0.9048,4,1.000,1.00
13588,38.37,0.9049,4,1.000,1.00
13597,38.37,0.9050,4,1.000,1.00
13605,38.37,0.9051,4,1.000,1.00
13614,38.38,0.9052,4,1.000,1.00
13622,38.38,0.9053,4,1.000,1.00
13630,38.39,0.9054,4,1.000,1.00
13639,38.39,0.9054,4,1.000,1.00
13647,38.40,0.9055,4,1.000,1.00
13656,38.40,0.9056,4,1.000,1.00
13664,38.40,0.9057,4,1.000,1.00
13673,38.41,0.9058,4,1.000,1.00
13683,38.41,0.9059,4,1.000,1.00
13692,38.42,0.9060,4,1.000,1.00
13700,38.42,0.9061,4,1.000,1.00
13708,38.42,0.9062,4,1.000,1.00
13716,38.45,0.9142,4,1.000,1.00
13725,38.47,0.9156,4,1.000,1.00
13734,38.50,0.9158,4,1.000,1.00
13742,38.52,0.9161,4,1.000,1.00
13750,38.55,0.9164,4,1.000,1.00
13759,38.57,0.9167,4,1.000,1.00
13769,38.60,0.9169,4,1.000,1.00
13777,38.62,0.9171,4,1.000,1.00
13785,38.64,0.9175,4,1.000,1.00
13793,38.66,0.9177,4,1.000,1.00
13801,38.67,0.9179,4,1.000,1.00
13809,38.69,0.9181,4,1.000,1.00
13816,38.71,0.9182,4,1.000,1.00
13825,38.73,0.9184,4,1.000,1.00
13833,38.74,0.9186,4,1.000,1.00
13841,38.76,0.9187,4,1.000,1.00
13849,38.77,0.9189,4,1.000,1.00
13858,38.79,0.9191,4,1.000,1.00
13866,38.80,0.9192,4,1.000,1.00
13874,38.82,0.9193,4,1.000,1.00
13884,38.83,0.9195,4,1.000,1.00
13893,38.84,0.9196,4,1.000,1.00
13901,38.86,0.9198,4,1.000,1.00
13909,38.87,0.9199,4,1.000,1.00
13917,38.88,0.7141,5,1.000,1.00
13927,38.89,0.7240,5,1.000,1.00
13937,38.91,0.7342,5,1.000,1.00
13946,38.92,0.7434,5,1.000,1.00
13954,38.93,0.7512,5,1.000,1.00
13962,38.94,0.7591,5,1.000,1.00
13971,38.95,0.7685,5,1.000,1.00
13981,38.96,0.7778,5,1.000,1.00
13990,38.97,0.7868,5,1.000,1.00
14000,38.99,0.7869,5,1.000,1.00
14010,39.00,0.7871,5,1.000,1.00
14018,39.01,0.7872,5,1.000,1.00
14026,39.01,0.7874,5,1.000,1.00
14034,39.02,0.7875,5,1.000,1.00
14044,39.03,0.7847,5,1.000,1.00
14053,39.04,0.7874,5,1.000,1.00
14061,39.04,0.7876,5,1.000,1.00
14070,39.05,0.7877,5,1.000,1.00
14078,39.06,0.7879,5,1.000,1.00
14086,39.07,0.7880,5,1.000,1.00
14094,39.08,0.7881,5,1.000,1.00
14104,39.08,0.7883,5,1.000,1.00
14113,39.09,0.7884,5,1.000,1.00
14123,39.10,0.7885,5,1.000,1.00
14132,39.11,0.7887,5,1.000,1.00
14142,39.12,0.7888,5,1.000,1.00
14154,39.13,0.7889,5,1.000,1.00
14164,39.14,0.7890,5,1.000,1.00
14173,39.14,0.7892,5,1.000,1.00
14183,39.15,0.7893,5,1.000,1.00
14192,39.16,0.7894,5,1.000,1.00
14201,39.17,0.7895,5,1.000,1.00
14210,39.17,0.7897,5,1.000,1.00
14218,39.18,0.7898,5,1.000,1.00
14227,39.18,0.7899,5,1.000,1.00
14236,39.19,0.7900,5,1.000,1.00
14245,39.20,0.7901,5,1.000,1.00
14253,39.20,0.7902,5,1.000,1.00
14261,39.21,0.7903,5,1.000,1.00
14270,39.22,0.7904,5,1.000,1.00
14279,39.22,0.7905,5,1.000,1.00
14288,39.23,0.7906,5,1.000,1.00
14296,39.23,0.7907,5,1.000,1.00
14305,39.24,0.7908,5,1.000,1.00
14314,39.24,0.7909,5,1.000,1.00
14322,39.25,0.7910,5,1.000,1.00
14330,39.26,0.7911,5,1.000,1.00
14339,39.26,0.7912,5,1.000,1.00
14347,39.27,0.7912,5,1.000,1.00
14356,39.27,0.7913,5,1.000,1.00
14364,39.28,0.7914,5,1.000,1.00
14373,39.28,0.7915,5,1.000,1.00
14381,39.29,0.7916,5,1.000,1.00
14389,39.29,0.7917,5,1.000,1.00
14398,39.30,0.7918,5,1.000,1.00
14406,39.30,0.7919,5,1.000,1.00
14415,39.31,0.7920,5,1.000,1.00
14423,39.31,0.7921,5,1.000,1.00
14432,39.32,0.7922,5,1.000,1.00
14441,39.32,0.7923,5,1.000,1.00
14449,39.33,0.7924,5,1.000,1.00
14458,39.33,0.7925,5,1.000,1.00
14467,39.34,0.7926,5,1.000,1.00
14476,39.34,0.7927,5,1.000,1.00
14485,39.35,0.7928,5,1.000,1.00
14495,39.35,0.7929,5,1.000,1.00
14503,39.38,0.8014,5,1.000,1.00
14512,39.41,0.8024,5,1.000,1.00
14521,39.45,0.8027,5,1.000,1.00
14530,39.48,0.8030,5,1.000,1.00
14539,39.51,0.8033,5,1.000,1.00
14548,39.54,0.8037,5,1.000,1.00
14557,39.57,0.8039,5,1.000,1.00
14567,39.60,0.8042,5,1.000,1.00
14577,39.62,0.8044,5,1.000,1.00
14585,39.65,0.8047,5,1.000,1.00
14593,39.67,0.8051,5,1.000,1.00
14602,39.69,0.8052,5,1.000,1.00
14610,39.71,0.8054,5,1.000,1.00
14620,39.74,0.8056,5,1.000,1.00
14628,39.75,0.8058,5,1.000,1.00
14637,39.77,0.8050,5,1.000,1.00
14646,39.79,0.8065,5,1.000,1.00
14655,39.81,0.8067,5,1.000,1.00
14663,39.83,0.8068,5,1.000,1.00
14674,39.85,0.8070,5,1.000,1.00
14682,39.86,0.8071,5,1.000,1.00
14693,39.88,0.8073,5,1.000,1.00
14702,39.90,0.8073,5,1.000,1.00
14710,39.91,0.8075,5,1.000,1.00
14719,39.92,0.8076,5,1.000,1.00
14727,39.94,0.8078,5,1.000,1.00
14736,39.95,0.8079,5,1.000,1.00
14744,39.96,0.8080,5,1.000,1.00
14753,39.98,0.8081,5,1.000,1.00
14761,39.99,0.8082,5,1.000,1.00
14770,40.00,0.8084,5,1.000,1.00
14779,40.01,0.8085,5,1.000,1.00
14787,40.02,0.8086,5,1.000,1.00
14796,40.03,0.8087,5,1.000,1.00
14804,40.04,0.8088,5,1.000,1.00
14813,40.06,0.8090,5,1.000,1.00
14821,40.07,0.8091,5,1.000,1.00
14829,40.07,0.8092,5,1.000,1.00
14837,40.08,0.8093,5,1.000,1.00
14846,40.09,0.8094,5,1.000,1.00
14857,40.10,0.8095,5,1.000,1.00
14865,40.11,0.8096,5,1.000,1.00
14874,40.12,0.8097,5,1.000,1.00
14883,40.13,0.8098,5,1.000,1.00
14891,40.14,0.8099,5,1.000,1.00
14900,40.15,0.8100,5,1.000,1.00
14909,40.15,0.8101,5,1.000,1.00
14917,40.16,0.8102,5,1.000,1.00
14926,40.17,0.8103,5,1.000,1.00
14934,40.18,0.8104,5,1.000,1.00
14943,40.18,0.8105,5,1.000,1.00
14951,40.18,0.8106,5,1.000,1.00
14961,40.22,0.8187,5,1.000,1.00
14971,40.25,0.8190,5,1.000,1.00
14979,40.28,0.8193,5,1.000,1.00
14988,40.31,0.8196,5,1.000,1.00
14996,40.33,0.8199,5,1.000,1.00
15005,40.36,0.8202,5,1.000,1.00
15014,40.39,0.8203,5,1.000,1.00
15023,40.42,0.8206,5,1.000,1.00
15033,40.43,0.8209,5,1.000,1.00
15043,40.45,0.8213,5,1.000,1.00
15051,40.48,0.8210,5,1.000,1.00
15060,40.50,0.8213,5,1.000,1.00
15068,40.52,0.8214,5,1.000,1.00
15077,40.53,0.8216,5,1.000,1.00
15085,40.55,0.8218,5,1.000,1.00
15094,40.57,0.8219,5,1.000,1.00
15103,40.59,0.8220,5,1.000,1.00
15111,40.60,0.8220,5,1.000,1.00
15121,40.62,0.8225,5,1.000,1.00
15130,40.64,0.8225,5,1.000,1.00
15139,40.65,0.8226,5,1.000,1.00
15147,40.66,0.8227,5,1.000,1.00
15157,40.68,0.8229,5,1.000,1.00
15166,40.69,0.8229,5,1.000,1.00
15175,40.71,0.8231,5,1.000,1.00
15183,40.72,0.8232,5,1.000,1.00
15191,40.73,0.8233,5,1.000,1.00
15199,40.74,0.8234,5,1.000,1.00
15209,40.75,0.8235,5,1.000,1.00
15219,40.77,0.8236,5,1.000,1.00
15228,40.78,0.8236,5,1.000,1.00
15237,40.79,0.8238,5,1.000,1.00
15246,40.80,0.8239,5,1.000,1.00
15256,40.81,0.8240,5,1.000,1.00
15265,40.82,0.8241,5,1.000,1.00
15273,40.83,0.8242,5,1.000,1.00
15281,40.83,0.8243,5,1.000,1.00
15290,40.84,0.8244,5,1.000,1.00
15298,40.85,0.8245,5,1.000,1.00
15306,40.86,0.8245,5,1.000,1.00
15315,40.87,0.8246,5,1.000,1.00
15323,40.87,0.8247,5,1.000,1.00
15333,40.88,0.8248,5,1.000,1.00
15343,40.89,0.8248,5,1.000,1.00
15351,40.90,0.8249,5,1.000,1.00
15363,40.90,0.8253,5,1.000,1.00
15374,40.91,0.8253,5,1.000,1.00
15384,40.92,0.8253,5,1.000,1.00
15394,40.93,0.8254,5,1.000,1.00
15405,40.93,0.8254,5,1.000,1.00
15416,40.94,0.8255,5,1.000,1.00
15426,40.95,0.8247,5,1.000,1.00
15437,40.95,0.8258,5,1.000,1.00
15448,40.96,0.8258,5,1.000,1.00
15458,40.96,0.8258,5,1.000,1.00
15468,40.97,0.8259,5,1.000,1.00
15477,40.97,0.8259,5,1.000,1.00
15485,40.98,0.8260,5,1.000,1.00
15494,40.98,0.8259,5,1.000,1.00
15503,40.99,0.8260,5,1.000,1.00
15512,40.99,0.8260,5,1.000,1.00
15521,41.00,0.8261,5,1.000,1.00
15529,41.00,0.8262,5,1.000,1.00
15538,41.01,0.8263,5,1.000,1.00
15548,41.01,0.8263,5,1.000,1.00
15556,41.01,0.8264,5,1.000,1.00
15564,41.02,0.8266,5,1.000,1.00
15573,41.02,0.8269,5,1.000,1.00
15582,41.02,0.8269,5,1.000,1.00
15590,41.03,0.8269,5,1.000,1.00
15599,41.03,0.8269,5,1.000,1.00
15609,41.03,0.8269,5,1.000,1.00
15617,41.04,0.8269,5,1.000,1.00
15626,41.04,0.8269,5,1.000,1.00
15637,41.05,0.8269,5,1.000,1.00
15646,41.05,0.8270,5,1.000,1.00
15656,41.06,0.8271,5,1.000,1.00
15666,41.06,0.8272,5,1.000,1.00
15676,41.07,0.8274,5,1.000,1.00
15685,41.07,0.8275,5,1.000,1.00
15693,41.08,0.8277,5,1.000,1.00
15702,41.08,0.8278,5,1.000,1.00
15711,41.09,0.8280,5,1.000,1.00
15719,41.09,0.8282,5,1.000,1.00
15730,41.10,0.8284,5,1.000,1.00
15740,41.10,0.8286,5,1.000,1.00
15750,41.11,0.8289,5,1.000,1.00
15759,41.11,0.8291,5,1.000,1.00
15768,41.12,0.8293,5,1.000,1.00
15777,41.12,0.8294,5,1.000,1.00
15786,41.13,0.8295,5,1.000,1.00
15796,41.13,0.8295,5,1.000,1.00
15807,41.14,0.8295,5,1.000,1.00
15815,41.14,0.8295,5,1.000,1.00
15823,41.14,0.8295,5,1.000,1.00
15832,41.15,0.8296,5,1.000,1.00
15841,41.15,0.8297,5,1.000,1.00
15849,41.15,0.8296,5,1.000,1.00
15859,41.16,0.8297,5,1.000,1.00
15867,41.16,0.8296,5,1.000,1.00
15876,41.16,0.8296,5,1.000,1.00
15885,41.16,0.8295,5,1.000,1.00
15893,41.17,0.8294,5,1.000,1.00
15902,41.17,0.8294,5,1.000,1.00
15911,41.17,0.8294,5,1.000,1.00
15919,41.18,0.8295,5,1.000,1.00
15928,41.18,0.8295,5,1.000,1.00
15936,41.18,0.8296,5,1.000,1.00
15945,41.19,0.8296,5,1.000,1.00
15954,41.19,0.8297,5,1.000,1.00
15962,41.19,0.8298,5,1.000,1.00
15970,41.20,0.8298,5,1.000,1.00
15981,41.20,0.8299,5,1.000,1.00
15989,41.21,0.8300,5,1.000,1.00
15998,41.21,0.8301,5,1.000,1.00
16007,41.21,0.8301,5,1.000,1.00
16016,41.22,0.8302,5,1.000,1.00
16025,41.22,0.8303,5,1.000,1.00
16034,41.22,0.8304,5,1.000,1.00
16044,41.23,0.8305,5,1.000,1.00
16053,41.23,0.8306,5,1.000,1.00
16061,41.24,0.8307,5,1.000,1.00
16070,41.24,0.8307,5,1.000,1.00
16079,41.24,0.8308,5,1.000,1.00
16087,41.25,0.8309,5,1.000,1.00
16096,41.25,0.8309,5,1.000,1.00
16107,41.25,0.8310,5,1.000,1.00
16116,41.26,0.8311,5,1.000,1.00
16124,41.26,0.8311,5,1.000,1.00
16134,41.26,0.8312,5,1.000,1.00
16144,41.27,0.8312,5,1.000,1.00
16153,41.27,0.8313,5,1.000,1.00
16162,41.27,0.8313,5,1.000,1.00
16171,41.28,0.8314,5,1.000,1.00
16180,41.28,0.8314,5,1.000,1.00
16188,41.28,0.8315,5,1.000,1.00
16197,41.28,0.8315,5,1.000,1.00
16206,41.29,0.8316,5,1.000,1.00
16216,41.29,0.8316,5,1.000,1.00
16225,41.29,0.8317,5,1.000,1.00
16234,41.30,0.8317,5,1.000,1.00
16242,41.30,0.8318,5,1.000,1.00
16251,41.30,0.8318,5,1.000,1.00
16260,41.30,0.8319,5,1.000,1.00
16268,41.31,0.8319,5,1.000,1.00
16277,41.31,0.8320,5,1.000,1.00
16285,41.31,0.8320,5,1.000,1.00
16294,41.31,0.8321,5,1.000,1.00
16303,41.32,0.8321,5,1.000,1.00
16311,41.32,0.8321,5,1.000,1.00
16319,41.32,0.8322,5,1.000,1.00
16327,41.32,0.8322,5,1.000,1.00
16336,41.33,0.8323,5,1.000,1.00
16344,41.33,0.8322,5,1.000,1.00
16353,41.33,0.8323,5,1.000,1.00
16362,41.33,0.8324,5,1.000,1.00
16371,41.34,0.8324,5,1.000,1.00
16379,41.34,0.8325,5,1.000,1.00
16389,41.34,0.8325,5,1.000,1.00
16397,41.34,0.8326,5,1.000,1.00
16405,41.35,0.8326,5,1.000,1.00
16414,41.35,0.8327,5,1.000,1.00
16422,41.35,0.8327,5,1.000,1.00
16431,41.35,0.8328,5,1.000,1.00
16439,41.35,0.8307,5,1.000,1.00
16448,41.35,0.8325,5,1.000,1.00
16456,41.35,0.8326,5,1.000,1.00
16464,41.36,0.8327,5,1.000,1.00
16473,41.36,0.8296,5,1.000,1.00
16482,41.36,0.8331,5,1.000,1.00
16492,41.36,0.8331,5,1.000,1.00
16504,41.37,0.8331,5,1.000,1.00
16514,41.37,0.8332,5,1.000,1.00
16525,41.37,0.8332,5,1.000,1.00
16537,41.38,0.8333,5,1.000,1.00
16549,41.38,0.8333,5,1.000,1.00
16561,41.38,0.8334,5,1.000,1.00
16572,41.39,0.8334,5,1.000,1.00
16581,41.39,0.8335,5,1.000,1.00
16590,41.39,0.8335,5,1.000,1.00
16600,41.39,0.8336,5,1.000,1.00
16609,41.40,0.8336,5,1.000,1.00
16618,41.40,0.8337,5,1.000,1.00
16626,41.40,0.8337,5,1.000,1.00
16635,41.40,0.8338,5,1.000,1.00
16643,41.41,0.8338,5,1.000,1.00
16652,41.41,0.8338,5,1.000,1.00
16660,41.41,0.8339,5,1.000,1.00
16670,41.41,0.8339,5,1.000,1.00
16678,41.41,0.8340,5,1.000,1.00
16687,41.42,0.8340,5,1.000,1.00
16695,41.42,0.8341,5,1.000,1.00
16703,41.42,0.8341,5,1.000,1.00
16711,41.42,0.8341,5,1.000,1.00
16720,41.43,0.8342,5,1.000,1.00
16728,41.43,0.8342,5,1.000,1.00
16737,41.43,0.8343,5,1.000,1.00
16746,41.43,0.8343,5,1.000,1.00
16754,41.43,0.8343,5,1.000,1.00
16763,41.44,0.8344,5,1.000,1.00
16771,41.44,0.8344,5,1.000,1.00
16780,41.44,0.8345,5,1.000,1.00
16788,41.44,0.8345,5,1.000,1.00
16797,41.45,0.8345,5,1.000,1.00
16806,41.45,0.8346,5,1.000,1.00
16814,41.45,0.8346,5,1.000,1.00
16822,41.45,0.8347,5,1.000,1.00
16831,41.45,0.8347,5,1.000,1.00
16840,41.46,0.8347,5,1.000,1.00
16849,41.46,0.8347,5,1.000,1.00
16859,41.46,0.8347,5,1.000,1.00
16867,41.46,0.8348,5,1.000,1.00
16875,41.46,0.8349,5,1.000,1.00
16884,41.47,0.8349,5,1.000,1.00
16892,41.47,0.8350,5,1.000,1.00
16900,41.47,0.8350,5,1.000,1.00
16909,41.47,0.8351,5,1.000,1.00
16917,41.47,0.8351,5,1.000,1.00
16926,41.48,0.8352,5,1.000,1.00
16937,41.48,0.8352,5,1.000,1.00
16946,41.48,0.8353,5,1.000,1.00
16954,41.48,0.8353,5,1.000,1.00
16963,41.49,0.8353,5,1.000,1.00
16972,41.49,0.8354,5,1.000,1.00
16980,41.49,0.8354,5,1.000,1.00
16989,41.49,0.8355,5,1.000,1.00
16998,41.49,0.8355,5,1.000,1.00
17007,41.50,0.8356,5,1.000,1.00
17016,41.50,0.8356,5,1.000,1.00
17025,41.50,0.8356,5,1.000,1.00
17032,41.50,0.8357,5,1.000,1.00
17041,41.50,0.8357,5,1.000,1.00
17050,41.51,0.8357,5,1.000,1.00
17059,41.51,0.8358,5,1.000,1.00
17067,41.51,0.8358,5,1.000,1.00
17077,41.51,0.8359,5,1.000,1.00
17085,41.51,0.8359,5,1.000,1.00
17093,41.52,0.8359,5,1.000,1.00
17103,41.52,0.8360,5,1.000,1.00
17112,41.52,0.8360,5,1.000,1.00
17121,41.52,0.8361,5,1.000,1.00
17130,41.52,0.8361,5,1.000,1.00
17138,41.53,0.8361,5,1.000,1.00
17148,41.53,0.8362,5,1.000,1.00
17157,41.53,0.8362,5,1.000,1.00
17165,41.53,0.8363,5,1.000,1.00
17174,41.53,0.8363,5,1.000,1.00
17183,41.54,0.8363,5,1.000,1.00
17191,41.54,0.8364,5,1.000,1.00
17200,41.54,0.8364,5,1.000,1.00
17209,41.54,0.8364,5,1.000,1.00
17218,41.54,0.8365,5,1.000,1.00
17228,41.55,0.8365,5,1.000,1.00
17237,41.55,0.8366,5,1.000,1.00
17247,41.55,0.8366,5,1.000,1.00
17257,41.55,0.8366,5,1.000,1.00
17267,41.56,0.8367,5,1.000,1.00
17278,41.56,0.8367,5,1.000,1.00
17288,41.56,0.8368,5,1.000,1.00
17297,41.56,0.8368,5,1.000,1.00
17309,41.56,0.8369,5,1.000,1.00
17318,41.57,0.8369,5,1.000,1.00
17328,41.57,0.8370,5,1.000,1.00
17339,41.57,0.8370,5,1.000,1.00
17351,41.58,0.8372,5,1.000,1.00
17363,41.58,0.8372,5,1.000,1.00
17377,41.58,0.8373,5,1.000,1.00
17387,41.58,0.8374,5,1.000,1.00
17397,41.59,0.8374,5,1.000,1.00
17407,41.59,0.8375,5,1.000,1.00
17417,41.59,0.8375,5,1.000,1.00
17426,41.59,0.8376,5,1.000,1.00
17434,41.60,0.8376,5,1.000,1.00
17444,41.60,0.8377,5,1.000,1.00
17452,41.60,0.8377,5,1.000,1.00
17461,41.60,0.8377,5,1.000,1.00
17470,41.61,0.8378,5,1.000,1.00
17479,41.61,0.8378,5,1.000,1.00
17488,41.61,0.8379,5,1.000,1.00
17497,41.61,0.8379,5,1.000,1.00
17506,41.61,0.8379,5,1.000,1.00
17515,41.62,0.8380,5,1.000,1.00
17524,41.62,0.8380,5,1.000,1.00
17532,41.62,0.8381,5,1.000,1.00
17542,41.62,0.8381,5,1.000,1.00
17551,41.62,0.8381,5,1.000,1.00
17560,41.63,0.8382,5,1.000,1.00
17569,41.63,0.8382,5,1.000,1.00
17577,41.63,0.8382,5,1.000,1.00
17585,41.63,0.8383,5,1.000,1.00
17595,41.63,0.8383,5,1.000,1.00
17605,41.64,0.8383,5,1.000,1.00
17614,41.64,0.8384,5,1.000,1.00
17626,41.64,0.8384,5,1.000,1.00
17637,41.64,0.8385,5,1.000,1.00
17648,41.65,0.8385,5,1.000,1.00
17660,41.65,0.8386,5,1.000,1.00
17672,41.65,0.8386,5,1.000,1.00
17684,41.65,0.8387,5,1.000,1.00
17694,41.66,0.8387,5,1.000,1.00
17703,41.66,0.8388,5,1.000,1.00
17713,41.66,0.8388,5,1.000,1.00
17722,41.66,0.8388,5,1.000,1.00
17730,41.66,0.8389,5,1.000,1.00
17740,41.67,0.8389,5,1.000,1.00
17750,41.67,0.8389,5,1.000,1.00
17759,41.67,0.8390,5,1.000,1.00
17767,41.67,0.8390,5,1.000,1.00
17776,41.67,0.8391,5,1.000,1.00
17785,41.68,0.8391,5,1.000,1.00
17793,41.68,0.8391,5,1.000,1.00
17803,41.68,0.8392,5,1.000,1.00
17811,41.68,0.8392,5,1.000,1.00
17820,41.68,0.8392,5,1.000,1.00
17829,41.68,0.8393,5,1.000,1.00
17837,41.69,0.8393,5,1.000,1.00
17846,41.69,0.8393,5,1.000,1.00
17854,41.69,0.8394,5,1.000,1.00
17862,41.69,0.8394,5,1.000,1.00
17871,41.69,0.8394,5,1.000,1.00
17879,41.69,0.8395,5,1.000,1.00
17887,41.70,0.8395,5,1.000,1.00
17895,41.70,0.8395,5,1.000,1.00
17904,41.70,0.8396,5,1.000,1.00
17912,41.70,0.8396,5,1.000,1.00
17921,41.70,0.8396,5,1.000,1.00
17930,41.71,0.8397,5,1.000,1.00
17938,41.71,0.8397,5,1.000,1.00
17947,41.71,0.8397,5,1.000,1.00
17955,41.71,0.8398,5,1.000,1.00
17965,41.71,0.8398,5,1.000,1.00
17973,41.71,0.8398,5,1.000,1.00
17982,41.72,0.8399,5,1.000,1.00
17991,41.72,0.8399,5,1.000,1.00
18000,41.72,0.8399,5,1.000,1.00
18009,41.72,0.8400,5,1.000,1.00
18017,41.72,0.8400,5,1.000,1.00
18026,41.72,0.8400,5,1.000,1.00
18034,41.73,0.8401,5,1.000,1.00
18044,41.73,0.8401,5,1.000,1.00
18052,41.73,0.8401,5,1.000,1.00
18062,41.73,0.8402,5,1.000,1.00
18070,41.73,0.8402,5,1.000,1.00
18079,41.73,0.8402,5,1.000,1.00
18087,41.74,0.8403,5,1.000,1.00
18096,41.74,0.8403,5,1.000,1.00
18105,41.74,0.8403,5,1.000,1.00
18114,41.74,0.8404,5,1.000,1.00
18125,41.74,0.8404,5,1.000,1.00
18134,41.75,0.8404,5,1.000,1.00
18143,41.75,0.8405,5,1.000,1.00
18152,41.75,0.8405,5,1.000,1.00
18161,41.75,0.8406,5,1.000,1.00
18170,41.75,0.8406,5,1.000,1.00
18178,41.75,0.8406,5,1.000,1.00
18187,41.76,0.8407,5,1.000,1.00
18195,41.76,0.8407,5,1.000,1.00
18204,41.76,0.8407,5,1.000,1.00
18213,41.76,0.8408,5,1.000,1.00
18221,41.76,0.8408,5,1.000,1.00
18230,41.76,0.8408,5,1.000,1.00
18239,41.77,0.8408,5,1.000,1.00
18248,41.77,0.8409,5,1.000,1.00
18257,41.77,0.8409,5,1.000,1.00
18267,41.77,0.8409,5,1.000,1.00
18277,41.77,0.8410,5,1.000,1.00
18285,41.77,0.8410,5,1.000,1.00
18294,41.78,0.8411,5,1.000,1.00
18302,41.78,0.8411,5,1.000,1.00
18311,41.78,0.8411,5,1.000,1.00
18319,41.78,0.8411,5,1.000,1.00
18328,41.78,0.8412,5,1.000,1.00
18336,41.78,0.8412,5,1.000,1.00
18345,41.78,0.8412,5,1.000,1.00
18353,41.79,0.8413,5,1.000,1.00
18362,41.79,0.8413,5,1.000,1.00
18370,41.79,0.8413,5,1.000,1.00
18378,41.79,0.8414,5,1.000,1.00
18387,41.79,0.8414,5,1.000,1.00
18397,41.79,0.8414,5,1.000,1.00
18406,41.80,0.8415,5,1.000,1.00
18415,41.80,0.8415,5,1.000,1.00
18424,41.80,0.8415,5,1.000,1.00
18432,41.80,0.8416,5,1.000,1.00
18442,41.80,0.8416,5,1.000,1.00
18451,41.80,0.8416,5,1.000,1.00
18459,41.81,0.8417,5,1.000,1.00
18468,41.81,0.8417,5,1.000,1.00
18477,41.81,0.8417,5,1.000,1.00
18486,41.81,0.8417,5,1.000,1.00
18496,41.81,0.8418,5,1.000,1.00
18505,41.81,0.8418,5,1.000,1.00
18514,41.82,0.8419,5,1.000,1.00
18525,41.82,0.8419,5,1.000,1.00
18534,41.82,0.8419,5,1.000,1.00
18542,41.82,0.8420,5,1.000,1.00
18551,41.82,0.8420,5,1.000,1.00
18560,41.82,0.8420,5,1.000,1.00
18568,41.83,0.8420,5,1.000,1.00
18578,41.83,0.8421,5,1.000,1.00
18587,41.83,0.8421,5,1.000,1.00
18596,41.83,0.8421,5,1.000,1.00
18606,41.83,0.8422,5,1.000,1.00
18615,41.83,0.8422,5,1.000,1.00
18624,41.84,0.8422,5,1.000,1.00
18632,41.84,0.8423,5,1.000,1.00
18643,41.84,0.8423,5,1.000,1.00
18652,41.84,0.8423,5,1.000,1.00
18663,41.84,0.8424,5,1.000,1.00
18672,41.84,0.8424,5,1.000,1.00
18681,41.85,0.8424,5,1.000,1.00
18690,41.85,0.8425,5,1.000,1.00
18698,41.85,0.8425,5,1.000,1.00
18708,41.85,0.8425,5,1.000,1.00
18716,41.85,0.8426,5,1.000,1.00
18727,41.85,0.8426,5,1.000,1.00
18737,41.86,0.8427,5,1.000,1.00
18748,41.86,0.8427,5,1.000,1.00
18760,41.86,0.8427,5,1.000,1.00
18772,41.86,0.8428,5,1.000,1.00
18784,41.86,0.8428,5,1.000,1.00
18797,41.87,0.8427,5,1.000,1.00
18807,41.87,0.8428,5,1.000,1.00
18817,41.87,0.8429,5,1.000,1.00
18826,41.87,0.8429,5,1.000,1.00
18835,41.87,0.8430,5,1.000,1.00
18844,41.87,0.8430,5,1.000,1.00
18852,41.88,0.8431,5,1.000,1.00
18862,41.88,0.8431,5,1.000,1.00
18870,41.88,0.8431,5,1.000,1.00
18879,41.88,0.8432,5,1.000,1.00
18887,41.88,0.8432,5,1.000,1.00
18896,41.88,0.8432,5,1.000,1.00
18904,41.88,0.8432,5,1.000,1.00
18913,41.89,0.8433,5,1.000,1.00
18921,41.89,0.8433,5,1.000,1.00
18930,41.89,0.8433,5,1.000,1.00
18939,41.89,0.8434,5,1.000,1.00
18948,41.89,0.8434,5,1.000,1.00
18958,41.89,0.8436,5,1.000,1.00
18966,41.90,0.8437,5,1.000,1.00
18975,41.90,0.8437,5,1.000,1.00
18983,41.90,0.8437,5,1.000,1.00
18991,41.90,0.8437,5,1.000,1.00
19000,41.90,0.8437,5,1.000,1.00
19008,41.90,0.8437,5,1.000,1.00
19016,41.90,0.8429,5,1.000,1.00
19025,41.91,0.8441,5,1.000,1.00
19034,41.91,0.8441,5,1.000,1.00
19045,41.91,0.8441,5,1.000,1.00
19054,41.91,0.8441,5,1.000,1.00
19063,41.92,0.8441,5,1.000,1.00
19071,41.92,0.8442,5,1.000,1.00
19079,41.92,0.8442,5,1.000,1.00
19088,41.92,0.8442,5,1.000,1.00
19096,41.92,0.8442,5,1.000,1.00
19105,41.93,0.8442,5,1.000,1.00
19115,41.93,0.8443,5,1.000,1.00
19125,41.93,0.8443,5,1.000,1.00
19134,41.93,0.8444,5,1.000,1.00
19144,41.93,0.8444,5,1.000,1.00
19153,41.94,0.8444,5,1.000,1.00
19163,41.94,0.8444,5,1.000,1.00
19172,41.94,0.8445,5,1.000,1.00
19181,41.94,0.8445,5,1.000,1.00
19189,41.94,0.8445,5,1.000,1.00
19197,41.94,0.8446,5,1.000,1.00
19206,41.95,0.8446,5,1.000,1.00
19214,41.95,0.8446,5,1.000,1.00
19223,41.95,0.8447,5,1.000,1.00
19231,41.95,0.8447,5,1.000,1.00
19239,41.95,0.8447,5,1.000,1.00
19247,41.95,0.8447,5,1.000,1.00
19255,41.96,0.8448,5,1.000,1.00
19263,41.96,0.8448,5,1.000,1.00
19272,41.96,0.8448,5,1.000,1.00
19281,41.96,0.8449,5,1.000,1.00
19291,41.96,0.8449,5,1.000,1.00
19301,41.96,0.8449,5,1.000,1.00
19311,41.97,0.8449,5,1.000,1.00
19319,41.97,0.8450,5,1.000,1.00
19328,41.97,0.8450,5,1.000,1.00
19337,41.97,0.8450,5,1.000,1.00
19346,41.97,0.8451,5,1.000,1.00
19354,41.97,0.8451,5,1.000,1.00
19362,41.98,0.8451,5,1.000,1.00
19371,41.98,0.8452,5,1.000,1.00
19380,41.98,0.8452,5,1.000,1.00
19389,41.98,0.8452,5,1.000,1.00
19397,41.98,0.8451,5,1.000,1.00
19408,41.98,0.8452,5,1.000,1.00
19417,41.99,0.8454,5,1.000,1.00
19425,41.99,0.8455,5,1.000,1.00
19433,41.99,0.8456,5,1.000,1.00
19443,41.99,0.8456,5,1.000,1.00
19453,41.99,0.8456,5,1.000,1.00
19461,41.99,0.8456,5,1.000,1.00
19470,42.00,0.8456,5,1.000,1.00
19478,42.00,0.8456,5,1.000,1.00
19486,42.00,0.8456,5,1.000,1.00
19495,42.00,0.8457,5,1.000,1.00
19505,42.00,0.8457,5,1.000,1.00
19514,42.00,0.8457,5,1.000,1.00
19523,42.00,0.8457,5,1.000,1.00
19531,42.01,0.8458,5,1.000,1.00
19540,42.01,0.8458,5,1.000,1.00
19548,42.01,0.8458,5,1.000,1.00
19556,42.01,0.8458,5,1.000,1.00
19565,42.01,0.8459,5,1.000,1.00
19575,42.01,0.8459,5,1.000,1.00
19584,42.02,0.8459,5,1.000,1.00
19592,42.02,0.8459,5,1.000,1.00
19601,42.02,0.8460,5,1.000,1.00
19610,42.02,0.8460,5,1.000,1.00
19619,42.02,0.8460,5,1.000,1.00
19628,42.02,0.8461,5,1.000,1.00
19637,42.02,0.8461,5,1.000,1.00
19646,42.03,0.8461,5,1.000,1.00
19656,42.03,0.8461,5,1.000,1.00
19664,42.03,0.8462,5,1.000,1.00
19673,42.03,0.8462,5,1.000,1.00
19682,42.03,0.8462,5,1.000,1.00
19690,42.03,0.8463,5,1.000,1.00
19700,42.04,0.8464,5,1.000,1.00
19708,42.04,0.8465,5,1.000,1.00
19716,42.04,0.8465,5,1.000,1.00
19725,42.04,0.8465,5,1.000,1.00
19734,42.04,0.8465,5,1.000,1.00
19742,42.04,0.8465,5,1.000,1.00
19750,42.04,0.8465,5,1.000,1.00
19758,42.04,0.8465,5,1.000,1.00
19767,42.05,0.8465,5,1.000,1.00
19776,42.05,0.8466,5,1.000,1.00
19785,42.05,0.8466,5,1.000,1.00
19794,42.05,0.8466,5,1.000,1.00
19804,42.05,0.8466,5,1.000,1.00
19813,42.05,0.8467,5,1.000,1.00
19822,42.06,0.8467,5,1.000,1.00
19830,42.06,0.8467,5,1.000,1.00
19838,42.06,0.8467,5,1.000,1.00
19847,42.06,0.8470,5,1.000,1.00
19858,42.06,0.8470,5,1.000,1.00
19867,42.06,0.8470,5,1.000,1.00
19877,42.06,0.8470,5,1.000,1.00
19887,42.07,0.8470,5,1.000,1.00
19898,42.07,0.8470,5,1.000,1.00
19911,42.07,0.8470,5,1.000,1.00
19923,42.07,0.8470,5,1.000,1.00
19935,42.07,0.8470,5,1.000,1.00
19947,42.08,0.8470,5,1.000,1.00
19956,42.08,0.8471,5,1.000,1.00
19968,42.08,0.8471,5,1.000,1.00
19977,42.08,0.8471,5,1.000,1.00
19985,42.08,0.8472,5,1.000,1.00
